mode,test_case,operation,oracle,known_defect,secure_control,violation_observed,status,signals,evidence
secure,cross_owner_book_secret,GET /books/v1/{book_title},object_relation,False,True,False,404,"{""authentication_violation"": false, ""credential_integrity_violation"": false, ""forbidden_side_effect"": false, ""function_authorization_violation"": false, ""inventory_violation"": false, ""object_scope_violation"": false, ""request_property_violation"": false, ""response_property_violation"": false, ""schema_mismatch"": false}","{""owner"": null, ""secret_returned"": false}"
secure,cross_subject_password_update,PUT /users/v1/{username}/password,object_relation_and_post_state,False,True,False,204,"{""authentication_violation"": false, ""credential_integrity_violation"": false, ""forbidden_side_effect"": false, ""function_authorization_violation"": false, ""inventory_violation"": false, ""object_scope_violation"": false, ""request_property_violation"": false, ""response_property_violation"": false, ""schema_mismatch"": false}","{""target_login_with_new_password"": false}"
secure,admin_mass_assignment,POST /users/v1/register,request_property_and_post_state,False,True,False,200,"{""authentication_violation"": false, ""credential_integrity_violation"": false, ""forbidden_side_effect"": false, ""function_authorization_violation"": false, ""inventory_violation"": false, ""object_scope_violation"": false, ""request_property_violation"": false, ""response_property_violation"": false, ""schema_mismatch"": false}","{""registered_admin"": false}"
secure,unauthenticated_debug_disclosure,GET /users/v1/_debug,authentication_response_and_inventory,True,False,True,200,"{""authentication_violation"": true, ""credential_integrity_violation"": false, ""forbidden_side_effect"": false, ""function_authorization_violation"": true, ""inventory_violation"": true, ""object_scope_violation"": false, ""request_property_violation"": false, ""response_property_violation"": true, ""schema_mismatch"": false}","{""password_field_returned"": true}"
secure,forgeable_admin_token,GET /me,credential_integrity,True,False,True,200,"{""authentication_violation"": false, ""credential_integrity_violation"": true, ""forbidden_side_effect"": false, ""function_authorization_violation"": false, ""inventory_violation"": false, ""object_scope_violation"": false, ""request_property_violation"": false, ""response_property_violation"": false, ""schema_mismatch"": false}","{""accepted_subject"": ""admin""}"
vulnerable,cross_owner_book_secret,GET /books/v1/{book_title},object_relation,True,True,True,200,"{""authentication_violation"": false, ""credential_integrity_violation"": false, ""forbidden_side_effect"": false, ""function_authorization_violation"": false, ""inventory_violation"": false, ""object_scope_violation"": true, ""request_property_violation"": false, ""response_property_violation"": false, ""schema_mismatch"": false}","{""owner"": ""name2"", ""secret_returned"": true}"
vulnerable,cross_subject_password_update,PUT /users/v1/{username}/password,object_relation_and_post_state,True,True,True,204,"{""authentication_violation"": false, ""credential_integrity_violation"": false, ""forbidden_side_effect"": true, ""function_authorization_violation"": false, ""inventory_violation"": false, ""object_scope_violation"": true, ""request_property_violation"": false, ""response_property_violation"": false, ""schema_mismatch"": false}","{""target_login_with_new_password"": true}"
vulnerable,admin_mass_assignment,POST /users/v1/register,request_property_and_post_state,True,True,True,200,"{""authentication_violation"": false, ""credential_integrity_violation"": false, ""forbidden_side_effect"": true, ""function_authorization_violation"": false, ""inventory_violation"": false, ""object_scope_violation"": false, ""request_property_violation"": true, ""response_property_violation"": false, ""schema_mismatch"": false}","{""registered_admin"": true}"
vulnerable,unauthenticated_debug_disclosure,GET /users/v1/_debug,authentication_response_and_inventory,True,False,True,200,"{""authentication_violation"": true, ""credential_integrity_violation"": false, ""forbidden_side_effect"": false, ""function_authorization_violation"": true, ""inventory_violation"": true, ""object_scope_violation"": false, ""request_property_violation"": false, ""response_property_violation"": true, ""schema_mismatch"": false}","{""password_field_returned"": true}"
vulnerable,forgeable_admin_token,GET /me,credential_integrity,True,False,True,200,"{""authentication_violation"": false, ""credential_integrity_violation"": true, ""forbidden_side_effect"": false, ""function_authorization_violation"": false, ""inventory_violation"": false, ""object_scope_violation"": false, ""request_property_violation"": false, ""response_property_violation"": false, ""schema_mismatch"": false}","{""accepted_subject"": ""admin""}"
