mode,method,test_case,oracle,known_defect,secure_control,detected,reasons
secure,schema_validation,cross_owner_book_secret,object_relation,False,True,False,
secure,authentication_only,cross_owner_book_secret,object_relation,False,True,False,
secure,role_matrix,cross_owner_book_secret,object_relation,False,True,False,
secure,object_policy_tests,cross_owner_book_secret,object_relation,False,True,False,
secure,property_policy_tests,cross_owner_book_secret,object_relation,False,True,False,
secure,policy_aware_full,cross_owner_book_secret,object_relation,False,True,False,
secure,schema_validation,cross_subject_password_update,object_relation_and_post_state,False,True,False,
secure,authentication_only,cross_subject_password_update,object_relation_and_post_state,False,True,False,
secure,role_matrix,cross_subject_password_update,object_relation_and_post_state,False,True,False,
secure,object_policy_tests,cross_subject_password_update,object_relation_and_post_state,False,True,False,
secure,property_policy_tests,cross_subject_password_update,object_relation_and_post_state,False,True,False,
secure,policy_aware_full,cross_subject_password_update,object_relation_and_post_state,False,True,False,
secure,schema_validation,admin_mass_assignment,request_property_and_post_state,False,True,False,
secure,authentication_only,admin_mass_assignment,request_property_and_post_state,False,True,False,
secure,role_matrix,admin_mass_assignment,request_property_and_post_state,False,True,False,
secure,object_policy_tests,admin_mass_assignment,request_property_and_post_state,False,True,False,
secure,property_policy_tests,admin_mass_assignment,request_property_and_post_state,False,True,False,
secure,policy_aware_full,admin_mass_assignment,request_property_and_post_state,False,True,False,
secure,schema_validation,unauthenticated_debug_disclosure,authentication_response_and_inventory,True,False,False,
secure,authentication_only,unauthenticated_debug_disclosure,authentication_response_and_inventory,True,False,True,authentication_violation
secure,role_matrix,unauthenticated_debug_disclosure,authentication_response_and_inventory,True,False,True,function_authorization_violation
secure,object_policy_tests,unauthenticated_debug_disclosure,authentication_response_and_inventory,True,False,False,
secure,property_policy_tests,unauthenticated_debug_disclosure,authentication_response_and_inventory,True,False,True,response_property_violation
secure,policy_aware_full,unauthenticated_debug_disclosure,authentication_response_and_inventory,True,False,True,authentication_violation;function_authorization_violation;response_property_violation;inventory_violation
secure,schema_validation,forgeable_admin_token,credential_integrity,True,False,False,
secure,authentication_only,forgeable_admin_token,credential_integrity,True,False,True,credential_integrity_violation
secure,role_matrix,forgeable_admin_token,credential_integrity,True,False,False,
secure,object_policy_tests,forgeable_admin_token,credential_integrity,True,False,False,
secure,property_policy_tests,forgeable_admin_token,credential_integrity,True,False,False,
secure,policy_aware_full,forgeable_admin_token,credential_integrity,True,False,True,credential_integrity_violation
vulnerable,schema_validation,cross_owner_book_secret,object_relation,True,True,False,
vulnerable,authentication_only,cross_owner_book_secret,object_relation,True,True,False,
vulnerable,role_matrix,cross_owner_book_secret,object_relation,True,True,False,
vulnerable,object_policy_tests,cross_owner_book_secret,object_relation,True,True,True,object_scope_violation
vulnerable,property_policy_tests,cross_owner_book_secret,object_relation,True,True,False,
vulnerable,policy_aware_full,cross_owner_book_secret,object_relation,True,True,True,object_scope_violation
vulnerable,schema_validation,cross_subject_password_update,object_relation_and_post_state,True,True,False,
vulnerable,authentication_only,cross_subject_password_update,object_relation_and_post_state,True,True,False,
vulnerable,role_matrix,cross_subject_password_update,object_relation_and_post_state,True,True,False,
vulnerable,object_policy_tests,cross_subject_password_update,object_relation_and_post_state,True,True,True,object_scope_violation
vulnerable,property_policy_tests,cross_subject_password_update,object_relation_and_post_state,True,True,False,
vulnerable,policy_aware_full,cross_subject_password_update,object_relation_and_post_state,True,True,True,object_scope_violation;forbidden_side_effect
vulnerable,schema_validation,admin_mass_assignment,request_property_and_post_state,True,True,False,
vulnerable,authentication_only,admin_mass_assignment,request_property_and_post_state,True,True,False,
vulnerable,role_matrix,admin_mass_assignment,request_property_and_post_state,True,True,False,
vulnerable,object_policy_tests,admin_mass_assignment,request_property_and_post_state,True,True,False,
vulnerable,property_policy_tests,admin_mass_assignment,request_property_and_post_state,True,True,True,request_property_violation
vulnerable,policy_aware_full,admin_mass_assignment,request_property_and_post_state,True,True,True,request_property_violation;forbidden_side_effect
vulnerable,schema_validation,unauthenticated_debug_disclosure,authentication_response_and_inventory,True,False,False,
vulnerable,authentication_only,unauthenticated_debug_disclosure,authentication_response_and_inventory,True,False,True,authentication_violation
vulnerable,role_matrix,unauthenticated_debug_disclosure,authentication_response_and_inventory,True,False,True,function_authorization_violation
vulnerable,object_policy_tests,unauthenticated_debug_disclosure,authentication_response_and_inventory,True,False,False,
vulnerable,property_policy_tests,unauthenticated_debug_disclosure,authentication_response_and_inventory,True,False,True,response_property_violation
vulnerable,policy_aware_full,unauthenticated_debug_disclosure,authentication_response_and_inventory,True,False,True,authentication_violation;function_authorization_violation;response_property_violation;inventory_violation
vulnerable,schema_validation,forgeable_admin_token,credential_integrity,True,False,False,
vulnerable,authentication_only,forgeable_admin_token,credential_integrity,True,False,True,credential_integrity_violation
vulnerable,role_matrix,forgeable_admin_token,credential_integrity,True,False,False,
vulnerable,object_policy_tests,forgeable_admin_token,credential_integrity,True,False,False,
vulnerable,property_policy_tests,forgeable_admin_token,credential_integrity,True,False,False,
vulnerable,policy_aware_full,forgeable_admin_token,credential_integrity,True,False,True,credential_integrity_violation
