bug_type,primary_dimension,violation_events,events_with_extra_fields,total_extra_fields,total_extra_sensitive_fields,max_extra_sensitivity,total_event_risk
aggregation_leak,aggregation_boundary,12,12,29,23,5,110.0
deprecated_exposed,endpoint_inventory,12,12,29,23,5,158.0
jurisdiction_bypass,jurisdiction_scope,12,12,67,53,5,553.0
missing_audit_log,audit_obligation,108,0,0,0,0,324.0
missing_auth,authentication,12,12,96,76,5,663.0
missing_field_filter,field_minimization,58,58,143,111,5,537.0
missing_object_check,object_scope,12,12,67,53,5,553.0
overbroad_role,function_authorization,12,12,96,76,5,663.0
purpose_bypass,purpose_scope,12,12,67,53,5,553.0
