model,group_type,group_value,n,parse_rate,decision_accuracy,strict_accuracy,dimension_accuracy_on_violations,precision,recall,f1,risk_weighted_recall,tp,fp,tn,fn
deepseek-coder:6.7b,dimension,aggregation_boundary,12,1.0,1.0,0.0,0.0,1.0,1.0,1.0,1.0,12,0,0,0
deepseek-coder:6.7b,dimension,audit_obligation,12,1.0,0.4167,0.0,0.0,1.0,0.4167,0.5882,0.4167,5,0,0,7
deepseek-coder:6.7b,dimension,authentication,12,1.0,1.0,1.0,1.0,1.0,1.0,1.0,1.0,12,0,0,0
deepseek-coder:6.7b,dimension,endpoint_inventory,12,1.0,1.0,0.0,0.0,1.0,1.0,1.0,1.0,12,0,0,0
deepseek-coder:6.7b,dimension,field_minimization,12,1.0,1.0,0.0,0.0,1.0,1.0,1.0,1.0,12,0,0,0
deepseek-coder:6.7b,dimension,function_authorization,12,1.0,1.0,0.5,0.5,1.0,1.0,1.0,1.0,12,0,0,0
deepseek-coder:6.7b,dimension,jurisdiction_scope,12,1.0,0.8333,0.0,0.0,1.0,0.8333,0.9091,0.8517,10,0,0,2
deepseek-coder:6.7b,dimension,none,12,1.0,0.0833,0.0833,0.0,0.0,0.0,0.0,0.0,0,11,1,0
deepseek-coder:6.7b,dimension,object_scope,12,1.0,0.8333,0.25,0.25,1.0,0.8333,0.9091,0.8517,10,0,0,2
deepseek-coder:6.7b,dimension,purpose_scope,12,1.0,0.9167,0.0,0.0,1.0,0.9167,0.9565,0.9241,11,0,0,1
deepseek-coder:6.7b,family,auditability,12,1.0,0.4167,0.0,0.0,1.0,0.4167,0.5882,0.4167,5,0,0,7
deepseek-coder:6.7b,family,clean,2,1.0,0.0,0.0,0.0,0.0,0.0,0.0,0.0,0,2,0,0
deepseek-coder:6.7b,family,function_auth,27,1.0,0.9259,0.7037,0.75,0.9231,1.0,0.96,1.0,24,2,1,0
deepseek-coder:6.7b,family,inventory,12,1.0,1.0,0.0,0.0,1.0,1.0,1.0,1.0,12,0,0,0
deepseek-coder:6.7b,family,object_auth,28,1.0,0.7143,0.1071,0.125,0.8333,0.8333,0.8333,0.8517,20,4,0,4
deepseek-coder:6.7b,family,property_auth,26,1.0,0.9231,0.0,0.0,0.9231,1.0,0.96,1.0,24,2,0,0
deepseek-coder:6.7b,family,purpose_scope,13,1.0,0.8462,0.0,0.0,0.9167,0.9167,0.9167,0.9241,11,1,0,1
gemma3:4b,dimension,aggregation_boundary,12,1.0,1.0,0.0,0.0,1.0,1.0,1.0,1.0,12,0,0,0
gemma3:4b,dimension,audit_obligation,12,1.0,1.0,1.0,1.0,1.0,1.0,1.0,1.0,12,0,0,0
gemma3:4b,dimension,authentication,12,1.0,1.0,0.5,0.5,1.0,1.0,1.0,1.0,12,0,0,0
gemma3:4b,dimension,endpoint_inventory,12,1.0,1.0,0.0,0.0,1.0,1.0,1.0,1.0,12,0,0,0
gemma3:4b,dimension,field_minimization,12,1.0,1.0,0.5833,0.5833,1.0,1.0,1.0,1.0,12,0,0,0
gemma3:4b,dimension,function_authorization,12,1.0,1.0,0.6667,0.6667,1.0,1.0,1.0,1.0,12,0,0,0
gemma3:4b,dimension,jurisdiction_scope,12,1.0,1.0,0.0,0.0,1.0,1.0,1.0,1.0,12,0,0,0
gemma3:4b,dimension,none,12,1.0,0.0,0.0,0.0,0.0,0.0,0.0,0.0,0,12,0,0
gemma3:4b,dimension,object_scope,12,1.0,1.0,0.0833,0.0833,1.0,1.0,1.0,1.0,12,0,0,0
gemma3:4b,dimension,purpose_scope,12,1.0,1.0,0.0,0.0,1.0,1.0,1.0,1.0,12,0,0,0
gemma3:4b,family,auditability,12,1.0,1.0,1.0,1.0,1.0,1.0,1.0,1.0,12,0,0,0
gemma3:4b,family,clean,2,1.0,0.0,0.0,0.0,0.0,0.0,0.0,0.0,0,2,0,0
gemma3:4b,family,function_auth,27,1.0,0.8889,0.5185,0.5833,0.8889,1.0,0.9412,1.0,24,3,0,0
gemma3:4b,family,inventory,12,1.0,1.0,0.0,0.0,1.0,1.0,1.0,1.0,12,0,0,0
gemma3:4b,family,object_auth,28,1.0,0.8571,0.0357,0.0417,0.8571,1.0,0.9231,1.0,24,4,0,0
gemma3:4b,family,property_auth,26,1.0,0.9231,0.2692,0.2917,0.9231,1.0,0.96,1.0,24,2,0,0
gemma3:4b,family,purpose_scope,13,1.0,0.9231,0.0,0.0,0.9231,1.0,0.96,1.0,12,1,0,0
llama3.2:3b,dimension,aggregation_boundary,12,1.0,0.75,0.0,0.0,1.0,0.75,0.8571,0.7545,9,0,0,3
llama3.2:3b,dimension,audit_obligation,12,1.0,0.9167,0.0,0.0,1.0,0.9167,0.9565,0.9167,11,0,0,1
llama3.2:3b,dimension,authentication,12,1.0,1.0,0.0,0.0,1.0,1.0,1.0,1.0,12,0,0,0
llama3.2:3b,dimension,endpoint_inventory,12,1.0,0.5,0.0,0.0,1.0,0.5,0.6667,0.5253,6,0,0,6
llama3.2:3b,dimension,field_minimization,12,1.0,0.8333,0.0,0.0,1.0,0.8333,0.9091,0.8814,10,0,0,2
llama3.2:3b,dimension,function_authorization,12,1.0,1.0,1.0,1.0,1.0,1.0,1.0,1.0,12,0,0,0
llama3.2:3b,dimension,jurisdiction_scope,12,1.0,1.0,0.0,0.0,1.0,1.0,1.0,1.0,12,0,0,0
llama3.2:3b,dimension,none,12,1.0,0.1667,0.1667,0.0,0.0,0.0,0.0,0.0,0,10,2,0
llama3.2:3b,dimension,object_scope,12,1.0,1.0,0.0,0.0,1.0,1.0,1.0,1.0,12,0,0,0
llama3.2:3b,dimension,purpose_scope,12,1.0,0.75,0.0,0.0,1.0,0.75,0.8571,0.7667,9,0,0,3
llama3.2:3b,family,auditability,12,1.0,0.9167,0.0,0.0,1.0,0.9167,0.9565,0.9167,11,0,0,1
llama3.2:3b,family,clean,2,1.0,0.0,0.0,0.0,0.0,0.0,0.0,0.0,0,2,0,0
llama3.2:3b,family,function_auth,27,1.0,0.9259,0.4815,0.5,0.9231,1.0,0.96,1.0,24,2,1,0
llama3.2:3b,family,inventory,12,1.0,0.5,0.0,0.0,1.0,0.5,0.6667,0.5253,6,0,0,6
llama3.2:3b,family,object_auth,28,1.0,0.8929,0.0357,0.0,0.8889,1.0,0.9412,1.0,24,3,1,0
llama3.2:3b,family,property_auth,26,1.0,0.7308,0.0,0.0,0.9048,0.7917,0.8444,0.8202,19,2,0,5
llama3.2:3b,family,purpose_scope,13,1.0,0.6923,0.0,0.0,0.9,0.75,0.8182,0.7667,9,1,0,3
phi3:mini,dimension,aggregation_boundary,12,1.0,1.0,0.0,0.0,1.0,1.0,1.0,1.0,12,0,0,0
phi3:mini,dimension,audit_obligation,12,1.0,1.0,0.1667,0.1667,1.0,1.0,1.0,1.0,12,0,0,0
phi3:mini,dimension,authentication,12,1.0,1.0,1.0,1.0,1.0,1.0,1.0,1.0,12,0,0,0
phi3:mini,dimension,endpoint_inventory,12,1.0,1.0,0.0,0.0,1.0,1.0,1.0,1.0,12,0,0,0
phi3:mini,dimension,field_minimization,12,1.0,1.0,0.0,0.0,1.0,1.0,1.0,1.0,12,0,0,0
phi3:mini,dimension,function_authorization,12,1.0,1.0,0.5833,0.5833,1.0,1.0,1.0,1.0,12,0,0,0
phi3:mini,dimension,jurisdiction_scope,12,1.0,1.0,0.0,0.0,1.0,1.0,1.0,1.0,12,0,0,0
phi3:mini,dimension,none,12,1.0,0.0,0.0,0.0,0.0,0.0,0.0,0.0,0,12,0,0
phi3:mini,dimension,object_scope,12,1.0,1.0,0.0,0.0,1.0,1.0,1.0,1.0,12,0,0,0
phi3:mini,dimension,purpose_scope,12,1.0,1.0,0.1667,0.1667,1.0,1.0,1.0,1.0,12,0,0,0
phi3:mini,family,auditability,12,1.0,1.0,0.1667,0.1667,1.0,1.0,1.0,1.0,12,0,0,0
phi3:mini,family,clean,2,1.0,0.0,0.0,0.0,0.0,0.0,0.0,0.0,0,2,0,0
phi3:mini,family,function_auth,27,1.0,0.8889,0.7037,0.7917,0.8889,1.0,0.9412,1.0,24,3,0,0
phi3:mini,family,inventory,12,1.0,1.0,0.0,0.0,1.0,1.0,1.0,1.0,12,0,0,0
phi3:mini,family,object_auth,28,1.0,0.8571,0.0,0.0,0.8571,1.0,0.9231,1.0,24,4,0,0
phi3:mini,family,property_auth,26,1.0,0.9231,0.0,0.0,0.9231,1.0,0.96,1.0,24,2,0,0
phi3:mini,family,purpose_scope,13,1.0,0.9231,0.1538,0.1667,0.9231,1.0,0.96,1.0,12,1,0,0
qwen2.5-coder:1.5b,dimension,aggregation_boundary,12,1.0,1.0,0.0,0.0,1.0,1.0,1.0,1.0,12,0,0,0
qwen2.5-coder:1.5b,dimension,audit_obligation,12,1.0,1.0,0.0,0.0,1.0,1.0,1.0,1.0,12,0,0,0
qwen2.5-coder:1.5b,dimension,authentication,12,1.0,1.0,0.0,0.0,1.0,1.0,1.0,1.0,12,0,0,0
qwen2.5-coder:1.5b,dimension,endpoint_inventory,12,1.0,1.0,0.0,0.0,1.0,1.0,1.0,1.0,12,0,0,0
qwen2.5-coder:1.5b,dimension,field_minimization,12,1.0,1.0,0.0,0.0,1.0,1.0,1.0,1.0,12,0,0,0
qwen2.5-coder:1.5b,dimension,function_authorization,12,1.0,1.0,1.0,1.0,1.0,1.0,1.0,1.0,12,0,0,0
qwen2.5-coder:1.5b,dimension,jurisdiction_scope,12,1.0,1.0,0.0,0.0,1.0,1.0,1.0,1.0,12,0,0,0
qwen2.5-coder:1.5b,dimension,none,12,1.0,0.0,0.0,0.0,0.0,0.0,0.0,0.0,0,12,0,0
qwen2.5-coder:1.5b,dimension,object_scope,12,1.0,1.0,0.0,0.0,1.0,1.0,1.0,1.0,12,0,0,0
qwen2.5-coder:1.5b,dimension,purpose_scope,12,1.0,1.0,0.0,0.0,1.0,1.0,1.0,1.0,12,0,0,0
qwen2.5-coder:1.5b,family,auditability,12,1.0,1.0,0.0,0.0,1.0,1.0,1.0,1.0,12,0,0,0
qwen2.5-coder:1.5b,family,clean,2,1.0,0.0,0.0,0.0,0.0,0.0,0.0,0.0,0,2,0,0
qwen2.5-coder:1.5b,family,function_auth,27,1.0,0.8889,0.4444,0.5,0.8889,1.0,0.9412,1.0,24,3,0,0
qwen2.5-coder:1.5b,family,inventory,12,1.0,1.0,0.0,0.0,1.0,1.0,1.0,1.0,12,0,0,0
qwen2.5-coder:1.5b,family,object_auth,28,1.0,0.8571,0.0,0.0,0.8571,1.0,0.9231,1.0,24,4,0,0
qwen2.5-coder:1.5b,family,property_auth,26,1.0,0.9231,0.0,0.0,0.9231,1.0,0.96,1.0,24,2,0,0
qwen2.5-coder:1.5b,family,purpose_scope,13,1.0,0.9231,0.0,0.0,0.9231,1.0,0.96,1.0,12,1,0,0
qwen2.5-coder:14b,dimension,aggregation_boundary,12,1.0,1.0,0.0,0.0,1.0,1.0,1.0,1.0,12,0,0,0
qwen2.5-coder:14b,dimension,audit_obligation,12,1.0,1.0,0.5833,0.5833,1.0,1.0,1.0,1.0,12,0,0,0
qwen2.5-coder:14b,dimension,authentication,12,1.0,1.0,1.0,1.0,1.0,1.0,1.0,1.0,12,0,0,0
qwen2.5-coder:14b,dimension,endpoint_inventory,12,1.0,1.0,0.0,0.0,1.0,1.0,1.0,1.0,12,0,0,0
qwen2.5-coder:14b,dimension,field_minimization,12,1.0,1.0,1.0,1.0,1.0,1.0,1.0,1.0,12,0,0,0
qwen2.5-coder:14b,dimension,function_authorization,12,1.0,1.0,1.0,1.0,1.0,1.0,1.0,1.0,12,0,0,0
qwen2.5-coder:14b,dimension,jurisdiction_scope,12,1.0,0.5833,0.0,0.0,1.0,0.5833,0.7368,0.6148,7,0,0,5
qwen2.5-coder:14b,dimension,none,12,1.0,0.1667,0.1667,0.0,0.0,0.0,0.0,0.0,0,10,2,0
qwen2.5-coder:14b,dimension,object_scope,12,1.0,0.5833,0.0833,0.0833,1.0,0.5833,0.7368,0.6148,7,0,0,5
qwen2.5-coder:14b,dimension,purpose_scope,12,1.0,1.0,1.0,1.0,1.0,1.0,1.0,1.0,12,0,0,0
qwen2.5-coder:14b,family,auditability,12,1.0,1.0,0.5833,0.5833,1.0,1.0,1.0,1.0,12,0,0,0
qwen2.5-coder:14b,family,clean,2,1.0,0.0,0.0,0.0,0.0,0.0,0.0,0.0,0,2,0,0
qwen2.5-coder:14b,family,function_auth,27,1.0,0.9259,0.9259,1.0,0.9231,1.0,0.96,1.0,24,2,1,0
qwen2.5-coder:14b,family,inventory,12,1.0,1.0,0.0,0.0,1.0,1.0,1.0,1.0,12,0,0,0
qwen2.5-coder:14b,family,object_auth,28,1.0,0.5357,0.0714,0.0417,0.8235,0.5833,0.6829,0.6148,14,3,1,10
qwen2.5-coder:14b,family,property_auth,26,1.0,0.9231,0.4615,0.5,0.9231,1.0,0.96,1.0,24,2,0,0
qwen2.5-coder:14b,family,purpose_scope,13,1.0,0.9231,0.9231,1.0,0.9231,1.0,0.96,1.0,12,1,0,0
qwen2.5-coder:32b,dimension,aggregation_boundary,12,1.0,1.0,0.0,0.0,1.0,1.0,1.0,1.0,12,0,0,0
qwen2.5-coder:32b,dimension,audit_obligation,12,1.0,0.6667,0.1667,0.1667,1.0,0.6667,0.8,0.6667,8,0,0,4
qwen2.5-coder:32b,dimension,authentication,12,1.0,1.0,1.0,1.0,1.0,1.0,1.0,1.0,12,0,0,0
qwen2.5-coder:32b,dimension,endpoint_inventory,12,1.0,1.0,0.0,0.0,1.0,1.0,1.0,1.0,12,0,0,0
qwen2.5-coder:32b,dimension,field_minimization,12,1.0,1.0,1.0,1.0,1.0,1.0,1.0,1.0,12,0,0,0
qwen2.5-coder:32b,dimension,function_authorization,12,1.0,1.0,1.0,1.0,1.0,1.0,1.0,1.0,12,0,0,0
qwen2.5-coder:32b,dimension,jurisdiction_scope,12,1.0,0.4167,0.0,0.0,1.0,0.4167,0.5882,0.4412,5,0,0,7
qwen2.5-coder:32b,dimension,none,12,1.0,0.5,0.5,0.0,0.0,0.0,0.0,0.0,0,6,6,0
qwen2.5-coder:32b,dimension,object_scope,12,1.0,0.4167,0.0,0.0,1.0,0.4167,0.5882,0.4412,5,0,0,7
qwen2.5-coder:32b,dimension,purpose_scope,12,1.0,1.0,1.0,1.0,1.0,1.0,1.0,1.0,12,0,0,0
qwen2.5-coder:32b,family,auditability,12,1.0,0.6667,0.1667,0.1667,1.0,0.6667,0.8,0.6667,8,0,0,4
qwen2.5-coder:32b,family,clean,2,1.0,1.0,1.0,0.0,0.0,0.0,0.0,0.0,0,0,2,0
qwen2.5-coder:32b,family,function_auth,27,1.0,0.9259,0.9259,1.0,0.9231,1.0,0.96,1.0,24,2,1,0
qwen2.5-coder:32b,family,inventory,12,1.0,1.0,0.0,0.0,1.0,1.0,1.0,1.0,12,0,0,0
qwen2.5-coder:32b,family,object_auth,28,1.0,0.4286,0.0714,0.0,0.8333,0.4167,0.5556,0.4412,10,2,2,14
qwen2.5-coder:32b,family,property_auth,26,1.0,0.9615,0.5,0.5,0.96,1.0,0.9796,1.0,24,1,1,0
qwen2.5-coder:32b,family,purpose_scope,13,1.0,0.9231,0.9231,1.0,0.9231,1.0,0.96,1.0,12,1,0,0
qwen2.5-coder:3b,dimension,aggregation_boundary,12,1.0,0.1667,0.0,0.0,1.0,0.1667,0.2857,0.1909,2,0,0,10
qwen2.5-coder:3b,dimension,audit_obligation,12,1.0,0.8333,0.0,0.0,1.0,0.8333,0.9091,0.8333,10,0,0,2
qwen2.5-coder:3b,dimension,authentication,12,1.0,0.75,0.3333,0.3333,1.0,0.75,0.8571,0.7511,9,0,0,3
qwen2.5-coder:3b,dimension,endpoint_inventory,12,1.0,0.1667,0.0,0.0,1.0,0.1667,0.2857,0.1835,2,0,0,10
qwen2.5-coder:3b,dimension,field_minimization,12,1.0,0.0833,0.0,0.0,1.0,0.0833,0.1538,0.1441,1,0,0,11
qwen2.5-coder:3b,dimension,function_authorization,12,1.0,1.0,1.0,1.0,1.0,1.0,1.0,1.0,12,0,0,0
qwen2.5-coder:3b,dimension,jurisdiction_scope,12,1.0,0.0833,0.0,0.0,1.0,0.0833,0.1538,0.0723,1,0,0,11
qwen2.5-coder:3b,dimension,none,12,1.0,0.5,0.5,0.0,0.0,0.0,0.0,0.0,0,6,6,0
qwen2.5-coder:3b,dimension,object_scope,12,1.0,0.0833,0.0833,0.0833,1.0,0.0833,0.1538,0.0723,1,0,0,11
qwen2.5-coder:3b,dimension,purpose_scope,12,1.0,0.5,0.0833,0.0833,1.0,0.5,0.6667,0.5335,6,0,0,6
qwen2.5-coder:3b,family,auditability,12,1.0,0.8333,0.0,0.0,1.0,0.8333,0.9091,0.8333,10,0,0,2
qwen2.5-coder:3b,family,clean,2,1.0,0.5,0.5,0.0,0.0,0.0,0.0,0.0,0,1,1,0
qwen2.5-coder:3b,family,function_auth,27,1.0,0.8519,0.6667,0.6667,0.9545,0.875,0.913,0.8756,21,1,2,3
qwen2.5-coder:3b,family,inventory,12,1.0,0.1667,0.0,0.0,1.0,0.1667,0.2857,0.1835,2,0,0,10
qwen2.5-coder:3b,family,object_auth,28,1.0,0.1786,0.1429,0.0417,0.6667,0.0833,0.1481,0.0723,2,1,3,22
qwen2.5-coder:3b,family,property_auth,26,1.0,0.1154,0.0,0.0,0.6,0.125,0.2069,0.1667,3,2,0,21
qwen2.5-coder:3b,family,purpose_scope,13,1.0,0.4615,0.0769,0.0833,0.8571,0.5,0.6316,0.5335,6,1,0,6
qwen2.5-coder:7b,dimension,aggregation_boundary,12,1.0,0.5,0.0,0.0,1.0,0.5,0.6667,0.6545,6,0,0,6
qwen2.5-coder:7b,dimension,audit_obligation,12,1.0,1.0,0.1667,0.1667,1.0,1.0,1.0,1.0,12,0,0,0
qwen2.5-coder:7b,dimension,authentication,12,1.0,0.9167,0.9167,0.9167,1.0,0.9167,0.9565,0.908,11,0,0,1
qwen2.5-coder:7b,dimension,endpoint_inventory,12,1.0,0.5833,0.0,0.0,1.0,0.5833,0.7368,0.6582,7,0,0,5
qwen2.5-coder:7b,dimension,field_minimization,12,1.0,0.5833,0.5833,0.5833,1.0,0.5833,0.7368,0.6695,7,0,0,5
qwen2.5-coder:7b,dimension,function_authorization,12,1.0,1.0,0.0,0.0,1.0,1.0,1.0,1.0,12,0,0,0
qwen2.5-coder:7b,dimension,jurisdiction_scope,12,1.0,0.5833,0.0,0.0,1.0,0.5833,0.7368,0.5931,7,0,0,5
qwen2.5-coder:7b,dimension,none,12,1.0,0.25,0.25,0.0,0.0,0.0,0.0,0.0,0,9,3,0
qwen2.5-coder:7b,dimension,object_scope,12,1.0,0.5833,0.0,0.0,1.0,0.5833,0.7368,0.5931,7,0,0,5
qwen2.5-coder:7b,dimension,purpose_scope,12,1.0,1.0,1.0,1.0,1.0,1.0,1.0,1.0,12,0,0,0
qwen2.5-coder:7b,family,auditability,12,1.0,1.0,0.1667,0.1667,1.0,1.0,1.0,1.0,12,0,0,0
qwen2.5-coder:7b,family,clean,2,1.0,0.5,0.5,0.0,0.0,0.0,0.0,0.0,0,1,1,0
qwen2.5-coder:7b,family,function_auth,27,1.0,0.8889,0.4444,0.4583,0.92,0.9583,0.9388,0.954,23,2,1,1
qwen2.5-coder:7b,family,inventory,12,1.0,0.5833,0.0,0.0,1.0,0.5833,0.7368,0.6582,7,0,0,5
qwen2.5-coder:7b,family,object_auth,28,1.0,0.5357,0.0357,0.0,0.8235,0.5833,0.6829,0.5931,14,3,1,10
qwen2.5-coder:7b,family,property_auth,26,1.0,0.5,0.2692,0.2917,0.8667,0.5417,0.6667,0.6623,13,2,0,11
qwen2.5-coder:7b,family,purpose_scope,13,1.0,0.9231,0.9231,1.0,0.9231,1.0,0.96,1.0,12,1,0,0
qwen2.5:3b,dimension,aggregation_boundary,12,1.0,0.0,0.0,0.0,0.0,0.0,0.0,0.0,0,0,0,12
qwen2.5:3b,dimension,audit_obligation,12,1.0,0.9167,0.0833,0.0833,1.0,0.9167,0.9565,0.9167,11,0,0,1
qwen2.5:3b,dimension,authentication,12,1.0,0.8333,0.25,0.25,1.0,0.8333,0.9091,0.8703,10,0,0,2
qwen2.5:3b,dimension,endpoint_inventory,12,1.0,0.0,0.0,0.0,0.0,0.0,0.0,0.0,0,0,0,12
qwen2.5:3b,dimension,field_minimization,12,1.0,0.0,0.0,0.0,0.0,0.0,0.0,0.0,0,0,0,12
qwen2.5:3b,dimension,function_authorization,12,1.0,0.3333,0.25,0.5,1.0,0.3333,0.5,0.3544,4,0,0,8
qwen2.5:3b,dimension,jurisdiction_scope,12,1.0,0.1667,0.0,0.0,1.0,0.1667,0.2857,0.1519,2,0,0,10
qwen2.5:3b,dimension,none,12,1.0,0.5833,0.5833,0.0,0.0,0.0,0.0,0.0,0,5,7,0
qwen2.5:3b,dimension,object_scope,12,1.0,0.1667,0.0,0.0,1.0,0.1667,0.2857,0.1519,2,0,0,10
qwen2.5:3b,dimension,purpose_scope,12,1.0,0.25,0.0833,0.0833,1.0,0.25,0.4,0.2333,3,0,0,9
qwen2.5:3b,family,auditability,12,1.0,0.9167,0.0833,0.0833,1.0,0.9167,0.9565,0.9167,11,0,0,1
qwen2.5:3b,family,clean,2,1.0,0.5,0.5,0.0,0.0,0.0,0.0,0.0,0,1,1,0
qwen2.5:3b,family,function_auth,27,1.0,0.6296,0.3333,0.375,1.0,0.5833,0.7368,0.6124,14,0,3,10
qwen2.5:3b,family,inventory,12,1.0,0.0,0.0,0.0,0.0,0.0,0.0,0.0,0,0,0,12
qwen2.5:3b,family,object_auth,28,1.0,0.25,0.1071,0.0,0.8,0.1667,0.2759,0.1519,4,1,3,20
qwen2.5:3b,family,property_auth,26,1.0,0.0,0.0,0.0,0.0,0.0,0.0,0.0,0,2,0,24
qwen2.5:3b,family,purpose_scope,13,1.0,0.2308,0.0769,0.0833,0.75,0.25,0.375,0.2333,3,1,0,9
qwen3:4b,dimension,aggregation_boundary,12,0.0,0.0,0.0,0.0,0.0,0.0,0.0,0.0,0,0,0,12
qwen3:4b,dimension,audit_obligation,12,0.0,0.0,0.0,0.0,0.0,0.0,0.0,0.0,0,0,0,12
qwen3:4b,dimension,authentication,12,0.0,0.0,0.0,0.0,0.0,0.0,0.0,0.0,0,0,0,12
qwen3:4b,dimension,endpoint_inventory,12,0.0,0.0,0.0,0.0,0.0,0.0,0.0,0.0,0,0,0,12
qwen3:4b,dimension,field_minimization,12,0.0,0.0,0.0,0.0,0.0,0.0,0.0,0.0,0,0,0,12
qwen3:4b,dimension,function_authorization,12,0.0,0.0,0.0,0.0,0.0,0.0,0.0,0.0,0,0,0,12
qwen3:4b,dimension,jurisdiction_scope,12,0.0,0.0,0.0,0.0,0.0,0.0,0.0,0.0,0,0,0,12
qwen3:4b,dimension,none,12,0.0,1.0,1.0,0.0,0.0,0.0,0.0,0.0,0,0,12,0
qwen3:4b,dimension,object_scope,12,0.0,0.0,0.0,0.0,0.0,0.0,0.0,0.0,0,0,0,12
qwen3:4b,dimension,purpose_scope,12,0.0,0.0,0.0,0.0,0.0,0.0,0.0,0.0,0,0,0,12
qwen3:4b,family,auditability,12,0.0,0.0,0.0,0.0,0.0,0.0,0.0,0.0,0,0,0,12
qwen3:4b,family,clean,2,0.0,1.0,1.0,0.0,0.0,0.0,0.0,0.0,0,0,2,0
qwen3:4b,family,function_auth,27,0.0,0.1111,0.1111,0.0,0.0,0.0,0.0,0.0,0,0,3,24
qwen3:4b,family,inventory,12,0.0,0.0,0.0,0.0,0.0,0.0,0.0,0.0,0,0,0,12
qwen3:4b,family,object_auth,28,0.0,0.1429,0.1429,0.0,0.0,0.0,0.0,0.0,0,0,4,24
qwen3:4b,family,property_auth,26,0.0,0.0769,0.0769,0.0,0.0,0.0,0.0,0.0,0,0,2,24
qwen3:4b,family,purpose_scope,13,0.0,0.0769,0.0769,0.0,0.0,0.0,0.0,0.0,0,0,1,12
