ablation,primary_dimension,bug_type,n,lost_detections,risk_lost
full_without_audit,aggregation_boundary,aggregation_leak,120,0,0.0
full_without_audit,audit_obligation,missing_audit_log,120,120,34200.0
full_without_audit,authentication,missing_auth,120,0,0.0
full_without_audit,endpoint_inventory,deprecated_exposed,120,0,0.0
full_without_audit,field_minimization,missing_field_filter,120,0,0.0
full_without_audit,function_authorization,overbroad_role,120,0,0.0
full_without_audit,jurisdiction_scope,jurisdiction_bypass,120,0,0.0
full_without_audit,object_scope,missing_object_check,120,0,0.0
full_without_audit,purpose_scope,purpose_bypass,120,0,0.0
full_without_field_scope,aggregation_boundary,aggregation_leak,120,120,59200.0
full_without_field_scope,audit_obligation,missing_audit_log,120,0,0.0
full_without_field_scope,authentication,missing_auth,120,0,0.0
full_without_field_scope,endpoint_inventory,deprecated_exposed,120,0,0.0
full_without_field_scope,field_minimization,missing_field_filter,120,120,74000.0
full_without_field_scope,function_authorization,overbroad_role,120,0,0.0
full_without_field_scope,jurisdiction_scope,jurisdiction_bypass,120,0,0.0
full_without_field_scope,object_scope,missing_object_check,120,0,0.0
full_without_field_scope,purpose_scope,purpose_bypass,120,0,0.0
full_without_object_scope,aggregation_boundary,aggregation_leak,120,0,0.0
full_without_object_scope,audit_obligation,missing_audit_log,120,0,0.0
full_without_object_scope,authentication,missing_auth,120,0,0.0
full_without_object_scope,endpoint_inventory,deprecated_exposed,120,0,0.0
full_without_object_scope,field_minimization,missing_field_filter,120,0,0.0
full_without_object_scope,function_authorization,overbroad_role,120,0,0.0
full_without_object_scope,jurisdiction_scope,jurisdiction_bypass,120,120,85500.0
full_without_object_scope,object_scope,missing_object_check,120,120,85500.0
full_without_object_scope,purpose_scope,purpose_bypass,120,0,0.0
full_without_purpose,aggregation_boundary,aggregation_leak,120,0,0.0
full_without_purpose,audit_obligation,missing_audit_log,120,0,0.0
full_without_purpose,authentication,missing_auth,120,0,0.0
full_without_purpose,endpoint_inventory,deprecated_exposed,120,0,0.0
full_without_purpose,field_minimization,missing_field_filter,120,0,0.0
full_without_purpose,function_authorization,overbroad_role,120,0,0.0
full_without_purpose,jurisdiction_scope,jurisdiction_bypass,120,0,0.0
full_without_purpose,object_scope,missing_object_check,120,0,0.0
full_without_purpose,purpose_scope,purpose_bypass,120,120,45600.0
