method,bug_type,family,primary_dimension,n,detected,missed,recall,risk_weighted_recall,risk_missed
audit_contract_tests,aggregation_leak,property_auth,aggregation_boundary,120,0,120,0.0,0.0,59200.0
audit_contract_tests,deprecated_exposed,inventory,endpoint_inventory,120,0,120,0.0,0.0,102600.0
audit_contract_tests,jurisdiction_bypass,object_auth,jurisdiction_scope,120,0,120,0.0,0.0,85500.0
audit_contract_tests,missing_audit_log,auditability,audit_obligation,120,120,0,1.0,1.0,0.0
audit_contract_tests,missing_auth,function_auth,authentication,120,0,120,0.0,0.0,228000.0
audit_contract_tests,missing_field_filter,property_auth,field_minimization,120,0,120,0.0,0.0,74000.0
audit_contract_tests,missing_object_check,object_auth,object_scope,120,0,120,0.0,0.0,85500.0
audit_contract_tests,overbroad_role,function_auth,function_authorization,120,0,120,0.0,0.0,136800.0
audit_contract_tests,purpose_bypass,purpose_scope,purpose_scope,120,0,120,0.0,0.0,45600.0
auth_required,aggregation_leak,property_auth,aggregation_boundary,120,0,120,0.0,0.0,59200.0
auth_required,deprecated_exposed,inventory,endpoint_inventory,120,0,120,0.0,0.0,102600.0
auth_required,jurisdiction_bypass,object_auth,jurisdiction_scope,120,0,120,0.0,0.0,85500.0
auth_required,missing_audit_log,auditability,audit_obligation,120,0,120,0.0,0.0,34200.0
auth_required,missing_auth,function_auth,authentication,120,120,0,1.0,1.0,0.0
auth_required,missing_field_filter,property_auth,field_minimization,120,0,120,0.0,0.0,74000.0
auth_required,missing_object_check,object_auth,object_scope,120,0,120,0.0,0.0,85500.0
auth_required,overbroad_role,function_auth,function_authorization,120,0,120,0.0,0.0,136800.0
auth_required,purpose_bypass,purpose_scope,purpose_scope,120,0,120,0.0,0.0,45600.0
deprecated_inventory_tests,aggregation_leak,property_auth,aggregation_boundary,120,0,120,0.0,0.0,59200.0
deprecated_inventory_tests,deprecated_exposed,inventory,endpoint_inventory,120,120,0,1.0,1.0,0.0
deprecated_inventory_tests,jurisdiction_bypass,object_auth,jurisdiction_scope,120,0,120,0.0,0.0,85500.0
deprecated_inventory_tests,missing_audit_log,auditability,audit_obligation,120,0,120,0.0,0.0,34200.0
deprecated_inventory_tests,missing_auth,function_auth,authentication,120,0,120,0.0,0.0,228000.0
deprecated_inventory_tests,missing_field_filter,property_auth,field_minimization,120,0,120,0.0,0.0,74000.0
deprecated_inventory_tests,missing_object_check,object_auth,object_scope,120,0,120,0.0,0.0,85500.0
deprecated_inventory_tests,overbroad_role,function_auth,function_authorization,120,0,120,0.0,0.0,136800.0
deprecated_inventory_tests,purpose_bypass,purpose_scope,purpose_scope,120,0,120,0.0,0.0,45600.0
field_policy_tests,aggregation_leak,property_auth,aggregation_boundary,120,120,0,1.0,1.0,0.0
field_policy_tests,deprecated_exposed,inventory,endpoint_inventory,120,0,120,0.0,0.0,102600.0
field_policy_tests,jurisdiction_bypass,object_auth,jurisdiction_scope,120,0,120,0.0,0.0,85500.0
field_policy_tests,missing_audit_log,auditability,audit_obligation,120,0,120,0.0,0.0,34200.0
field_policy_tests,missing_auth,function_auth,authentication,120,0,120,0.0,0.0,228000.0
field_policy_tests,missing_field_filter,property_auth,field_minimization,120,120,0,1.0,1.0,0.0
field_policy_tests,missing_object_check,object_auth,object_scope,120,0,120,0.0,0.0,85500.0
field_policy_tests,overbroad_role,function_auth,function_authorization,120,0,120,0.0,0.0,136800.0
field_policy_tests,purpose_bypass,purpose_scope,purpose_scope,120,0,120,0.0,0.0,45600.0
object_policy_tests,aggregation_leak,property_auth,aggregation_boundary,120,0,120,0.0,0.0,59200.0
object_policy_tests,deprecated_exposed,inventory,endpoint_inventory,120,0,120,0.0,0.0,102600.0
object_policy_tests,jurisdiction_bypass,object_auth,jurisdiction_scope,120,120,0,1.0,1.0,0.0
object_policy_tests,missing_audit_log,auditability,audit_obligation,120,0,120,0.0,0.0,34200.0
object_policy_tests,missing_auth,function_auth,authentication,120,120,0,1.0,1.0,0.0
object_policy_tests,missing_field_filter,property_auth,field_minimization,120,0,120,0.0,0.0,74000.0
object_policy_tests,missing_object_check,object_auth,object_scope,120,120,0,1.0,1.0,0.0
object_policy_tests,overbroad_role,function_auth,function_authorization,120,120,0,1.0,1.0,0.0
object_policy_tests,purpose_bypass,purpose_scope,purpose_scope,120,0,120,0.0,0.0,45600.0
role_matrix,aggregation_leak,property_auth,aggregation_boundary,120,0,120,0.0,0.0,59200.0
role_matrix,deprecated_exposed,inventory,endpoint_inventory,120,0,120,0.0,0.0,102600.0
role_matrix,jurisdiction_bypass,object_auth,jurisdiction_scope,120,0,120,0.0,0.0,85500.0
role_matrix,missing_audit_log,auditability,audit_obligation,120,0,120,0.0,0.0,34200.0
role_matrix,missing_auth,function_auth,authentication,120,120,0,1.0,1.0,0.0
role_matrix,missing_field_filter,property_auth,field_minimization,120,0,120,0.0,0.0,74000.0
role_matrix,missing_object_check,object_auth,object_scope,120,0,120,0.0,0.0,85500.0
role_matrix,overbroad_role,function_auth,function_authorization,120,120,0,1.0,1.0,0.0
role_matrix,purpose_bypass,purpose_scope,purpose_scope,120,0,120,0.0,0.0,45600.0
schema_validation,aggregation_leak,property_auth,aggregation_boundary,120,0,120,0.0,0.0,59200.0
schema_validation,deprecated_exposed,inventory,endpoint_inventory,120,0,120,0.0,0.0,102600.0
schema_validation,jurisdiction_bypass,object_auth,jurisdiction_scope,120,0,120,0.0,0.0,85500.0
schema_validation,missing_audit_log,auditability,audit_obligation,120,0,120,0.0,0.0,34200.0
schema_validation,missing_auth,function_auth,authentication,120,0,120,0.0,0.0,228000.0
schema_validation,missing_field_filter,property_auth,field_minimization,120,0,120,0.0,0.0,74000.0
schema_validation,missing_object_check,object_auth,object_scope,120,0,120,0.0,0.0,85500.0
schema_validation,overbroad_role,function_auth,function_authorization,120,0,120,0.0,0.0,136800.0
schema_validation,purpose_bypass,purpose_scope,purpose_scope,120,0,120,0.0,0.0,45600.0
