method,primary_missing_dimension,root_cause,example_domain,example_endpoint,example_bug_type,oracle_reasons,evidence_test_kinds,interpretation
audit_contract_tests,authentication,missing_authentication_oracle,health,GET /patients/{id},missing_auth,field_exposure;unauthorized_allow,unauthenticated,The baseline does not exercise unauthenticated access for this policy obligation.
audit_contract_tests,function_authorization,missing_function_authorization_oracle,health,GET /patients/{id},overbroad_role,field_exposure;unauthorized_allow,wrong_role,The baseline does not exercise a disallowed role at the function boundary.
audit_contract_tests,object_scope,missing_object_scope_predicate,health,GET /patients/{id},missing_object_check,field_exposure;unauthorized_allow,wrong_jurisdiction,The baseline lacks a subject-resource predicate and cannot distinguish same-role cross-object access.
audit_contract_tests,jurisdiction_scope,missing_jurisdiction_predicate,health,GET /patients/{id},jurisdiction_bypass,field_exposure;unauthorized_allow,wrong_jurisdiction,The baseline lacks a subject-resource predicate and cannot distinguish same-role cross-object access.
audit_contract_tests,purpose_scope,missing_purpose_constraint,health,GET /patients/{id},purpose_bypass,field_exposure;unauthorized_allow,wrong_purpose,The baseline treats role membership as sufficient and does not test purpose-bound access.
audit_contract_tests,field_minimization,missing_field_minimization_oracle,health,GET /patients/{id},missing_field_filter,field_exposure,aggregation_boundary;deprecated_inventory;sensitive_field_probe;valid,The baseline checks allow or deny decisions but not whether the response is minimized to allowed fields.
audit_contract_tests,aggregation_boundary,missing_aggregation_boundary_oracle,health,GET /patients/{id},aggregation_leak,field_exposure,aggregation_boundary,"The baseline has no aggregate/export boundary oracle, so detailed records can leak through bulk responses."
audit_contract_tests,endpoint_inventory,missing_endpoint_inventory_oracle,health,GET /patients/{id},deprecated_exposed,deprecated_endpoint_exposed;field_exposure,deprecated_inventory,The baseline does not test whether deprecated endpoints remain reachable.
auth_required,function_authorization,missing_function_authorization_oracle,health,GET /patients/{id},overbroad_role,field_exposure;unauthorized_allow,wrong_role,The baseline does not exercise a disallowed role at the function boundary.
auth_required,object_scope,missing_object_scope_predicate,health,GET /patients/{id},missing_object_check,field_exposure;unauthorized_allow,wrong_jurisdiction,The baseline lacks a subject-resource predicate and cannot distinguish same-role cross-object access.
auth_required,jurisdiction_scope,missing_jurisdiction_predicate,health,GET /patients/{id},jurisdiction_bypass,field_exposure;unauthorized_allow,wrong_jurisdiction,The baseline lacks a subject-resource predicate and cannot distinguish same-role cross-object access.
auth_required,purpose_scope,missing_purpose_constraint,health,GET /patients/{id},purpose_bypass,field_exposure;unauthorized_allow,wrong_purpose,The baseline treats role membership as sufficient and does not test purpose-bound access.
auth_required,field_minimization,missing_field_minimization_oracle,health,GET /patients/{id},missing_field_filter,field_exposure,aggregation_boundary;deprecated_inventory;sensitive_field_probe;valid,The baseline checks allow or deny decisions but not whether the response is minimized to allowed fields.
auth_required,aggregation_boundary,missing_aggregation_boundary_oracle,health,GET /patients/{id},aggregation_leak,field_exposure,aggregation_boundary,"The baseline has no aggregate/export boundary oracle, so detailed records can leak through bulk responses."
auth_required,audit_obligation,missing_audit_obligation_oracle,health,GET /patients/{id},missing_audit_log,missing_audit,aggregation_boundary;deprecated_inventory;self_access;sensitive_field_probe;unauthenticated;valid;wrong_jurisdiction;wrong_purpose;wrong_role,The baseline observes the API decision but not the required audit side effect.
auth_required,endpoint_inventory,missing_endpoint_inventory_oracle,health,GET /patients/{id},deprecated_exposed,deprecated_endpoint_exposed;field_exposure,deprecated_inventory,The baseline does not test whether deprecated endpoints remain reachable.
deprecated_inventory_tests,authentication,missing_authentication_oracle,health,GET /patients/{id},missing_auth,field_exposure;unauthorized_allow,unauthenticated,The baseline does not exercise unauthenticated access for this policy obligation.
deprecated_inventory_tests,function_authorization,missing_function_authorization_oracle,health,GET /patients/{id},overbroad_role,field_exposure;unauthorized_allow,wrong_role,The baseline does not exercise a disallowed role at the function boundary.
deprecated_inventory_tests,object_scope,missing_object_scope_predicate,health,GET /patients/{id},missing_object_check,field_exposure;unauthorized_allow,wrong_jurisdiction,The baseline lacks a subject-resource predicate and cannot distinguish same-role cross-object access.
deprecated_inventory_tests,jurisdiction_scope,missing_jurisdiction_predicate,health,GET /patients/{id},jurisdiction_bypass,field_exposure;unauthorized_allow,wrong_jurisdiction,The baseline lacks a subject-resource predicate and cannot distinguish same-role cross-object access.
deprecated_inventory_tests,purpose_scope,missing_purpose_constraint,health,GET /patients/{id},purpose_bypass,field_exposure;unauthorized_allow,wrong_purpose,The baseline treats role membership as sufficient and does not test purpose-bound access.
deprecated_inventory_tests,field_minimization,missing_field_minimization_oracle,health,GET /patients/{id},missing_field_filter,field_exposure,aggregation_boundary;deprecated_inventory;sensitive_field_probe;valid,The baseline checks allow or deny decisions but not whether the response is minimized to allowed fields.
deprecated_inventory_tests,aggregation_boundary,missing_aggregation_boundary_oracle,health,GET /patients/{id},aggregation_leak,field_exposure,aggregation_boundary,"The baseline has no aggregate/export boundary oracle, so detailed records can leak through bulk responses."
deprecated_inventory_tests,audit_obligation,missing_audit_obligation_oracle,health,GET /patients/{id},missing_audit_log,missing_audit,aggregation_boundary;deprecated_inventory;self_access;sensitive_field_probe;unauthenticated;valid;wrong_jurisdiction;wrong_purpose;wrong_role,The baseline observes the API decision but not the required audit side effect.
field_policy_tests,authentication,missing_authentication_oracle,health,GET /patients/{id},missing_auth,field_exposure;unauthorized_allow,unauthenticated,The baseline does not exercise unauthenticated access for this policy obligation.
field_policy_tests,function_authorization,missing_function_authorization_oracle,health,GET /patients/{id},overbroad_role,field_exposure;unauthorized_allow,wrong_role,The baseline does not exercise a disallowed role at the function boundary.
field_policy_tests,object_scope,missing_object_scope_predicate,health,GET /patients/{id},missing_object_check,field_exposure;unauthorized_allow,wrong_jurisdiction,The baseline lacks a subject-resource predicate and cannot distinguish same-role cross-object access.
field_policy_tests,jurisdiction_scope,missing_jurisdiction_predicate,health,GET /patients/{id},jurisdiction_bypass,field_exposure;unauthorized_allow,wrong_jurisdiction,The baseline lacks a subject-resource predicate and cannot distinguish same-role cross-object access.
field_policy_tests,purpose_scope,missing_purpose_constraint,health,GET /patients/{id},purpose_bypass,field_exposure;unauthorized_allow,wrong_purpose,The baseline treats role membership as sufficient and does not test purpose-bound access.
field_policy_tests,audit_obligation,missing_audit_obligation_oracle,health,GET /patients/{id},missing_audit_log,missing_audit,aggregation_boundary;deprecated_inventory;self_access;sensitive_field_probe;unauthenticated;valid;wrong_jurisdiction;wrong_purpose;wrong_role,The baseline observes the API decision but not the required audit side effect.
field_policy_tests,endpoint_inventory,missing_endpoint_inventory_oracle,health,GET /patients/{id},deprecated_exposed,deprecated_endpoint_exposed;field_exposure,deprecated_inventory,The baseline does not test whether deprecated endpoints remain reachable.
full_without_audit,audit_obligation,missing_audit_obligation_oracle,health,GET /patients/{id},missing_audit_log,missing_audit,aggregation_boundary;deprecated_inventory;self_access;sensitive_field_probe;unauthenticated;valid;wrong_jurisdiction;wrong_purpose;wrong_role,The baseline observes the API decision but not the required audit side effect.
full_without_field_scope,field_minimization,missing_field_minimization_oracle,health,GET /patients/{id},missing_field_filter,field_exposure,aggregation_boundary;deprecated_inventory;sensitive_field_probe;valid,The baseline checks allow or deny decisions but not whether the response is minimized to allowed fields.
full_without_field_scope,aggregation_boundary,missing_aggregation_boundary_oracle,health,GET /patients/{id},aggregation_leak,field_exposure,aggregation_boundary,"The baseline has no aggregate/export boundary oracle, so detailed records can leak through bulk responses."
full_without_object_scope,object_scope,missing_object_scope_predicate,health,GET /patients/{id},missing_object_check,field_exposure;unauthorized_allow,wrong_jurisdiction,The baseline lacks a subject-resource predicate and cannot distinguish same-role cross-object access.
full_without_object_scope,jurisdiction_scope,missing_jurisdiction_predicate,health,GET /patients/{id},jurisdiction_bypass,field_exposure;unauthorized_allow,wrong_jurisdiction,The baseline lacks a subject-resource predicate and cannot distinguish same-role cross-object access.
full_without_purpose,purpose_scope,missing_purpose_constraint,health,GET /patients/{id},purpose_bypass,field_exposure;unauthorized_allow,wrong_purpose,The baseline treats role membership as sufficient and does not test purpose-bound access.
object_policy_tests,purpose_scope,missing_purpose_constraint,health,GET /patients/{id},purpose_bypass,field_exposure;unauthorized_allow,wrong_purpose,The baseline treats role membership as sufficient and does not test purpose-bound access.
object_policy_tests,field_minimization,missing_field_minimization_oracle,health,GET /patients/{id},missing_field_filter,field_exposure,aggregation_boundary;deprecated_inventory;sensitive_field_probe;valid,The baseline checks allow or deny decisions but not whether the response is minimized to allowed fields.
object_policy_tests,aggregation_boundary,missing_aggregation_boundary_oracle,health,GET /patients/{id},aggregation_leak,field_exposure,aggregation_boundary,"The baseline has no aggregate/export boundary oracle, so detailed records can leak through bulk responses."
object_policy_tests,audit_obligation,missing_audit_obligation_oracle,health,GET /patients/{id},missing_audit_log,missing_audit,aggregation_boundary;deprecated_inventory;self_access;sensitive_field_probe;unauthenticated;valid;wrong_jurisdiction;wrong_purpose;wrong_role,The baseline observes the API decision but not the required audit side effect.
object_policy_tests,endpoint_inventory,missing_endpoint_inventory_oracle,health,GET /patients/{id},deprecated_exposed,deprecated_endpoint_exposed;field_exposure,deprecated_inventory,The baseline does not test whether deprecated endpoints remain reachable.
role_matrix,object_scope,missing_object_scope_predicate,health,GET /patients/{id},missing_object_check,field_exposure;unauthorized_allow,wrong_jurisdiction,The baseline lacks a subject-resource predicate and cannot distinguish same-role cross-object access.
role_matrix,jurisdiction_scope,missing_jurisdiction_predicate,health,GET /patients/{id},jurisdiction_bypass,field_exposure;unauthorized_allow,wrong_jurisdiction,The baseline lacks a subject-resource predicate and cannot distinguish same-role cross-object access.
role_matrix,purpose_scope,missing_purpose_constraint,health,GET /patients/{id},purpose_bypass,field_exposure;unauthorized_allow,wrong_purpose,The baseline treats role membership as sufficient and does not test purpose-bound access.
role_matrix,field_minimization,missing_field_minimization_oracle,health,GET /patients/{id},missing_field_filter,field_exposure,aggregation_boundary;deprecated_inventory;sensitive_field_probe;valid,The baseline checks allow or deny decisions but not whether the response is minimized to allowed fields.
role_matrix,aggregation_boundary,missing_aggregation_boundary_oracle,health,GET /patients/{id},aggregation_leak,field_exposure,aggregation_boundary,"The baseline has no aggregate/export boundary oracle, so detailed records can leak through bulk responses."
role_matrix,audit_obligation,missing_audit_obligation_oracle,health,GET /patients/{id},missing_audit_log,missing_audit,aggregation_boundary;deprecated_inventory;self_access;sensitive_field_probe;unauthenticated;valid;wrong_jurisdiction;wrong_purpose;wrong_role,The baseline observes the API decision but not the required audit side effect.
role_matrix,endpoint_inventory,missing_endpoint_inventory_oracle,health,GET /patients/{id},deprecated_exposed,deprecated_endpoint_exposed;field_exposure,deprecated_inventory,The baseline does not test whether deprecated endpoints remain reachable.
schema_validation,authentication,missing_authentication_oracle,health,GET /patients/{id},missing_auth,field_exposure;unauthorized_allow,unauthenticated,The response can remain structurally valid while violating a policy obligation.
schema_validation,function_authorization,missing_function_authorization_oracle,health,GET /patients/{id},overbroad_role,field_exposure;unauthorized_allow,wrong_role,The response can remain structurally valid while violating a policy obligation.
schema_validation,object_scope,missing_object_scope_predicate,health,GET /patients/{id},missing_object_check,field_exposure;unauthorized_allow,wrong_jurisdiction,The response can remain structurally valid while violating a policy obligation.
schema_validation,jurisdiction_scope,missing_jurisdiction_predicate,health,GET /patients/{id},jurisdiction_bypass,field_exposure;unauthorized_allow,wrong_jurisdiction,The response can remain structurally valid while violating a policy obligation.
schema_validation,purpose_scope,missing_purpose_constraint,health,GET /patients/{id},purpose_bypass,field_exposure;unauthorized_allow,wrong_purpose,The response can remain structurally valid while violating a policy obligation.
schema_validation,field_minimization,missing_field_minimization_oracle,health,GET /patients/{id},missing_field_filter,field_exposure,aggregation_boundary;deprecated_inventory;sensitive_field_probe;valid,The response can remain structurally valid while violating a policy obligation.
schema_validation,aggregation_boundary,missing_aggregation_boundary_oracle,health,GET /patients/{id},aggregation_leak,field_exposure,aggregation_boundary,The response can remain structurally valid while violating a policy obligation.
schema_validation,audit_obligation,missing_audit_obligation_oracle,health,GET /patients/{id},missing_audit_log,missing_audit,aggregation_boundary;deprecated_inventory;self_access;sensitive_field_probe;unauthenticated;valid;wrong_jurisdiction;wrong_purpose;wrong_role,The response can remain structurally valid while violating a policy obligation.
schema_validation,endpoint_inventory,missing_endpoint_inventory_oracle,health,GET /patients/{id},deprecated_exposed,deprecated_endpoint_exposed;field_exposure,deprecated_inventory,The response can remain structurally valid while violating a policy obligation.
