method,family,n,recall,risk_weighted_recall
audit_contract_tests,auditability,120,1.0,1.0
audit_contract_tests,function_auth,240,0.0,0.0
audit_contract_tests,inventory,120,0.0,0.0
audit_contract_tests,object_auth,240,0.0,0.0
audit_contract_tests,property_auth,240,0.0,0.0
audit_contract_tests,purpose_scope,120,0.0,0.0
auth_required,auditability,120,0.0,0.0
auth_required,function_auth,240,0.5,0.625
auth_required,inventory,120,0.0,0.0
auth_required,object_auth,240,0.0,0.0
auth_required,property_auth,240,0.0,0.0
auth_required,purpose_scope,120,0.0,0.0
deprecated_inventory_tests,auditability,120,0.0,0.0
deprecated_inventory_tests,function_auth,240,0.0,0.0
deprecated_inventory_tests,inventory,120,1.0,1.0
deprecated_inventory_tests,object_auth,240,0.0,0.0
deprecated_inventory_tests,property_auth,240,0.0,0.0
deprecated_inventory_tests,purpose_scope,120,0.0,0.0
field_policy_tests,auditability,120,0.0,0.0
field_policy_tests,function_auth,240,0.0,0.0
field_policy_tests,inventory,120,0.0,0.0
field_policy_tests,object_auth,240,0.0,0.0
field_policy_tests,property_auth,240,1.0,1.0
field_policy_tests,purpose_scope,120,0.0,0.0
full_without_audit,auditability,120,0.0,0.0
full_without_audit,function_auth,240,1.0,1.0
full_without_audit,inventory,120,1.0,1.0
full_without_audit,object_auth,240,1.0,1.0
full_without_audit,property_auth,240,1.0,1.0
full_without_audit,purpose_scope,120,1.0,1.0
full_without_field_scope,auditability,120,1.0,1.0
full_without_field_scope,function_auth,240,1.0,1.0
full_without_field_scope,inventory,120,1.0,1.0
full_without_field_scope,object_auth,240,1.0,1.0
full_without_field_scope,property_auth,240,0.0,0.0
full_without_field_scope,purpose_scope,120,1.0,1.0
full_without_object_scope,auditability,120,1.0,1.0
full_without_object_scope,function_auth,240,1.0,1.0
full_without_object_scope,inventory,120,1.0,1.0
full_without_object_scope,object_auth,240,0.0,0.0
full_without_object_scope,property_auth,240,1.0,1.0
full_without_object_scope,purpose_scope,120,1.0,1.0
full_without_purpose,auditability,120,1.0,1.0
full_without_purpose,function_auth,240,1.0,1.0
full_without_purpose,inventory,120,1.0,1.0
full_without_purpose,object_auth,240,1.0,1.0
full_without_purpose,property_auth,240,1.0,1.0
full_without_purpose,purpose_scope,120,0.0,0.0
object_policy_tests,auditability,120,0.0,0.0
object_policy_tests,function_auth,240,1.0,1.0
object_policy_tests,inventory,120,0.0,0.0
object_policy_tests,object_auth,240,1.0,1.0
object_policy_tests,property_auth,240,0.0,0.0
object_policy_tests,purpose_scope,120,0.0,0.0
policy_aware_full,auditability,120,1.0,1.0
policy_aware_full,function_auth,240,1.0,1.0
policy_aware_full,inventory,120,1.0,1.0
policy_aware_full,object_auth,240,1.0,1.0
policy_aware_full,property_auth,240,1.0,1.0
policy_aware_full,purpose_scope,120,1.0,1.0
role_matrix,auditability,120,0.0,0.0
role_matrix,function_auth,240,1.0,1.0
role_matrix,inventory,120,0.0,0.0
role_matrix,object_auth,240,0.0,0.0
role_matrix,property_auth,240,0.0,0.0
role_matrix,purpose_scope,120,0.0,0.0
schema_validation,auditability,120,0.0,0.0
schema_validation,function_auth,240,0.0,0.0
schema_validation,inventory,120,0.0,0.0
schema_validation,object_auth,240,0.0,0.0
schema_validation,property_auth,240,0.0,0.0
schema_validation,purpose_scope,120,0.0,0.0
