method,bug_type,n,detected,recall,risk_weighted_recall
audit_contract_tests,aggregation_threshold_leak,40,0,0.0,0.0
audit_contract_tests,compound_scope_field,40,0,0.0,0.0
audit_contract_tests,consent_gated_field,40,0,0.0,0.0
audit_contract_tests,emergency_audit_downgrade,40,0,0.0,0.0
audit_contract_tests,jurisdiction_conditioned_field,40,0,0.0,0.0
audit_contract_tests,purpose_conditioned_field,40,0,0.0,0.0
basic_policy_aware_full,aggregation_threshold_leak,40,0,0.0,0.0
basic_policy_aware_full,compound_scope_field,40,0,0.0,0.0
basic_policy_aware_full,consent_gated_field,40,0,0.0,0.0
basic_policy_aware_full,emergency_audit_downgrade,40,0,0.0,0.0
basic_policy_aware_full,jurisdiction_conditioned_field,40,0,0.0,0.0
basic_policy_aware_full,purpose_conditioned_field,40,0,0.0,0.0
dependent_policy_full,aggregation_threshold_leak,40,40,1.0,1.0
dependent_policy_full,compound_scope_field,40,40,1.0,1.0
dependent_policy_full,consent_gated_field,40,40,1.0,1.0
dependent_policy_full,emergency_audit_downgrade,40,40,1.0,1.0
dependent_policy_full,jurisdiction_conditioned_field,40,40,1.0,1.0
dependent_policy_full,purpose_conditioned_field,40,40,1.0,1.0
dependent_without_consent,aggregation_threshold_leak,40,40,1.0,1.0
dependent_without_consent,compound_scope_field,40,0,0.0,0.0
dependent_without_consent,consent_gated_field,40,0,0.0,0.0
dependent_without_consent,emergency_audit_downgrade,40,40,1.0,1.0
dependent_without_consent,jurisdiction_conditioned_field,40,40,1.0,1.0
dependent_without_consent,purpose_conditioned_field,40,40,1.0,1.0
dependent_without_enhanced_audit,aggregation_threshold_leak,40,40,1.0,1.0
dependent_without_enhanced_audit,compound_scope_field,40,40,1.0,1.0
dependent_without_enhanced_audit,consent_gated_field,40,40,1.0,1.0
dependent_without_enhanced_audit,emergency_audit_downgrade,40,0,0.0,0.0
dependent_without_enhanced_audit,jurisdiction_conditioned_field,40,40,1.0,1.0
dependent_without_enhanced_audit,purpose_conditioned_field,40,40,1.0,1.0
dependent_without_purpose_field,aggregation_threshold_leak,40,40,1.0,1.0
dependent_without_purpose_field,compound_scope_field,40,40,1.0,1.0
dependent_without_purpose_field,consent_gated_field,40,40,1.0,1.0
dependent_without_purpose_field,emergency_audit_downgrade,40,40,1.0,1.0
dependent_without_purpose_field,jurisdiction_conditioned_field,40,40,1.0,1.0
dependent_without_purpose_field,purpose_conditioned_field,40,0,0.0,0.0
dependent_without_threshold,aggregation_threshold_leak,40,0,0.0,0.0
dependent_without_threshold,compound_scope_field,40,40,1.0,1.0
dependent_without_threshold,consent_gated_field,40,40,1.0,1.0
dependent_without_threshold,emergency_audit_downgrade,40,40,1.0,1.0
dependent_without_threshold,jurisdiction_conditioned_field,40,40,1.0,1.0
dependent_without_threshold,purpose_conditioned_field,40,40,1.0,1.0
field_policy_tests,aggregation_threshold_leak,40,0,0.0,0.0
field_policy_tests,compound_scope_field,40,0,0.0,0.0
field_policy_tests,consent_gated_field,40,0,0.0,0.0
field_policy_tests,emergency_audit_downgrade,40,0,0.0,0.0
field_policy_tests,jurisdiction_conditioned_field,40,0,0.0,0.0
field_policy_tests,purpose_conditioned_field,40,0,0.0,0.0
object_policy_tests,aggregation_threshold_leak,40,0,0.0,0.0
object_policy_tests,compound_scope_field,40,0,0.0,0.0
object_policy_tests,consent_gated_field,40,0,0.0,0.0
object_policy_tests,emergency_audit_downgrade,40,0,0.0,0.0
object_policy_tests,jurisdiction_conditioned_field,40,0,0.0,0.0
object_policy_tests,purpose_conditioned_field,40,0,0.0,0.0
role_matrix,aggregation_threshold_leak,40,0,0.0,0.0
role_matrix,compound_scope_field,40,0,0.0,0.0
role_matrix,consent_gated_field,40,0,0.0,0.0
role_matrix,emergency_audit_downgrade,40,0,0.0,0.0
role_matrix,jurisdiction_conditioned_field,40,0,0.0,0.0
role_matrix,purpose_conditioned_field,40,0,0.0,0.0
schema_validation,aggregation_threshold_leak,40,0,0.0,0.0
schema_validation,compound_scope_field,40,0,0.0,0.0
schema_validation,consent_gated_field,40,0,0.0,0.0
schema_validation,emergency_audit_downgrade,40,0,0.0,0.0
schema_validation,jurisdiction_conditioned_field,40,0,0.0,0.0
schema_validation,purpose_conditioned_field,40,0,0.0,0.0
