method,root_cause,primary_missing_dimension,missed_variants,risk_missed,domains,families
audit_contract_tests,missing_aggregation_boundary_oracle,aggregation_boundary,12,5920.0,business_licensing;citizen_services;education;health,property_auth
audit_contract_tests,missing_authentication_oracle,authentication,12,22800.0,business_licensing;citizen_services;education;health,function_auth
audit_contract_tests,missing_endpoint_inventory_oracle,endpoint_inventory,12,10260.0,business_licensing;citizen_services;education;health,inventory
audit_contract_tests,missing_field_minimization_oracle,field_minimization,12,7400.0,business_licensing;citizen_services;education;health,property_auth
audit_contract_tests,missing_function_authorization_oracle,function_authorization,12,13680.0,business_licensing;citizen_services;education;health,function_auth
audit_contract_tests,missing_jurisdiction_predicate,jurisdiction_scope,12,8550.0,business_licensing;citizen_services;education;health,object_auth
audit_contract_tests,missing_object_scope_predicate,object_scope,12,8550.0,business_licensing;citizen_services;education;health,object_auth
audit_contract_tests,missing_purpose_constraint,purpose_scope,12,4560.0,business_licensing;citizen_services;education;health,purpose_scope
auth_required,missing_aggregation_boundary_oracle,aggregation_boundary,12,5920.0,business_licensing;citizen_services;education;health,property_auth
auth_required,missing_audit_obligation_oracle,audit_obligation,12,3420.0,business_licensing;citizen_services;education;health,auditability
auth_required,missing_endpoint_inventory_oracle,endpoint_inventory,12,10260.0,business_licensing;citizen_services;education;health,inventory
auth_required,missing_field_minimization_oracle,field_minimization,12,7400.0,business_licensing;citizen_services;education;health,property_auth
auth_required,missing_function_authorization_oracle,function_authorization,12,13680.0,business_licensing;citizen_services;education;health,function_auth
auth_required,missing_jurisdiction_predicate,jurisdiction_scope,12,8550.0,business_licensing;citizen_services;education;health,object_auth
auth_required,missing_object_scope_predicate,object_scope,12,8550.0,business_licensing;citizen_services;education;health,object_auth
auth_required,missing_purpose_constraint,purpose_scope,12,4560.0,business_licensing;citizen_services;education;health,purpose_scope
deprecated_inventory_tests,missing_aggregation_boundary_oracle,aggregation_boundary,12,5920.0,business_licensing;citizen_services;education;health,property_auth
deprecated_inventory_tests,missing_audit_obligation_oracle,audit_obligation,12,3420.0,business_licensing;citizen_services;education;health,auditability
deprecated_inventory_tests,missing_authentication_oracle,authentication,12,22800.0,business_licensing;citizen_services;education;health,function_auth
deprecated_inventory_tests,missing_field_minimization_oracle,field_minimization,12,7400.0,business_licensing;citizen_services;education;health,property_auth
deprecated_inventory_tests,missing_function_authorization_oracle,function_authorization,12,13680.0,business_licensing;citizen_services;education;health,function_auth
deprecated_inventory_tests,missing_jurisdiction_predicate,jurisdiction_scope,12,8550.0,business_licensing;citizen_services;education;health,object_auth
deprecated_inventory_tests,missing_object_scope_predicate,object_scope,12,8550.0,business_licensing;citizen_services;education;health,object_auth
deprecated_inventory_tests,missing_purpose_constraint,purpose_scope,12,4560.0,business_licensing;citizen_services;education;health,purpose_scope
field_policy_tests,missing_audit_obligation_oracle,audit_obligation,12,3420.0,business_licensing;citizen_services;education;health,auditability
field_policy_tests,missing_authentication_oracle,authentication,12,22800.0,business_licensing;citizen_services;education;health,function_auth
field_policy_tests,missing_endpoint_inventory_oracle,endpoint_inventory,12,10260.0,business_licensing;citizen_services;education;health,inventory
field_policy_tests,missing_function_authorization_oracle,function_authorization,12,13680.0,business_licensing;citizen_services;education;health,function_auth
field_policy_tests,missing_jurisdiction_predicate,jurisdiction_scope,12,8550.0,business_licensing;citizen_services;education;health,object_auth
field_policy_tests,missing_object_scope_predicate,object_scope,12,8550.0,business_licensing;citizen_services;education;health,object_auth
field_policy_tests,missing_purpose_constraint,purpose_scope,12,4560.0,business_licensing;citizen_services;education;health,purpose_scope
full_without_audit,missing_audit_obligation_oracle,audit_obligation,12,3420.0,business_licensing;citizen_services;education;health,auditability
full_without_field_scope,missing_aggregation_boundary_oracle,aggregation_boundary,12,5920.0,business_licensing;citizen_services;education;health,property_auth
full_without_field_scope,missing_field_minimization_oracle,field_minimization,12,7400.0,business_licensing;citizen_services;education;health,property_auth
full_without_object_scope,missing_jurisdiction_predicate,jurisdiction_scope,12,8550.0,business_licensing;citizen_services;education;health,object_auth
full_without_object_scope,missing_object_scope_predicate,object_scope,12,8550.0,business_licensing;citizen_services;education;health,object_auth
full_without_purpose,missing_purpose_constraint,purpose_scope,12,4560.0,business_licensing;citizen_services;education;health,purpose_scope
object_policy_tests,missing_aggregation_boundary_oracle,aggregation_boundary,12,5920.0,business_licensing;citizen_services;education;health,property_auth
object_policy_tests,missing_audit_obligation_oracle,audit_obligation,12,3420.0,business_licensing;citizen_services;education;health,auditability
object_policy_tests,missing_endpoint_inventory_oracle,endpoint_inventory,12,10260.0,business_licensing;citizen_services;education;health,inventory
object_policy_tests,missing_field_minimization_oracle,field_minimization,12,7400.0,business_licensing;citizen_services;education;health,property_auth
object_policy_tests,missing_purpose_constraint,purpose_scope,12,4560.0,business_licensing;citizen_services;education;health,purpose_scope
role_matrix,missing_aggregation_boundary_oracle,aggregation_boundary,12,5920.0,business_licensing;citizen_services;education;health,property_auth
role_matrix,missing_audit_obligation_oracle,audit_obligation,12,3420.0,business_licensing;citizen_services;education;health,auditability
role_matrix,missing_endpoint_inventory_oracle,endpoint_inventory,12,10260.0,business_licensing;citizen_services;education;health,inventory
role_matrix,missing_field_minimization_oracle,field_minimization,12,7400.0,business_licensing;citizen_services;education;health,property_auth
role_matrix,missing_jurisdiction_predicate,jurisdiction_scope,12,8550.0,business_licensing;citizen_services;education;health,object_auth
role_matrix,missing_object_scope_predicate,object_scope,12,8550.0,business_licensing;citizen_services;education;health,object_auth
role_matrix,missing_purpose_constraint,purpose_scope,12,4560.0,business_licensing;citizen_services;education;health,purpose_scope
schema_validation,missing_aggregation_boundary_oracle,aggregation_boundary,12,5920.0,business_licensing;citizen_services;education;health,property_auth
schema_validation,missing_audit_obligation_oracle,audit_obligation,12,3420.0,business_licensing;citizen_services;education;health,auditability
schema_validation,missing_authentication_oracle,authentication,12,22800.0,business_licensing;citizen_services;education;health,function_auth
schema_validation,missing_endpoint_inventory_oracle,endpoint_inventory,12,10260.0,business_licensing;citizen_services;education;health,inventory
schema_validation,missing_field_minimization_oracle,field_minimization,12,7400.0,business_licensing;citizen_services;education;health,property_auth
schema_validation,missing_function_authorization_oracle,function_authorization,12,13680.0,business_licensing;citizen_services;education;health,function_auth
schema_validation,missing_jurisdiction_predicate,jurisdiction_scope,12,8550.0,business_licensing;citizen_services;education;health,object_auth
schema_validation,missing_object_scope_predicate,object_scope,12,8550.0,business_licensing;citizen_services;education;health,object_auth
schema_validation,missing_purpose_constraint,purpose_scope,12,4560.0,business_licensing;citizen_services;education;health,purpose_scope
