method,domain,n,recall,risk_weighted_recall
audit_contract_tests,business_licensing,27,0.1111,0.0435
audit_contract_tests,citizen_services,27,0.1111,0.04
audit_contract_tests,education,27,0.1111,0.0391
audit_contract_tests,health,27,0.1111,0.0391
auth_required,business_licensing,27,0.1111,0.2899
auth_required,citizen_services,27,0.1111,0.2667
auth_required,education,27,0.1111,0.2604
auth_required,health,27,0.1111,0.2604
deprecated_inventory_tests,business_licensing,27,0.1111,0.1304
deprecated_inventory_tests,citizen_services,27,0.1111,0.12
deprecated_inventory_tests,education,27,0.1111,0.1172
deprecated_inventory_tests,health,27,0.1111,0.1172
field_policy_tests,business_licensing,27,0.2222,0.087
field_policy_tests,citizen_services,27,0.2222,0.16
field_policy_tests,education,27,0.2222,0.1797
field_policy_tests,health,27,0.2222,0.1797
full_without_audit,business_licensing,27,0.8889,0.9565
full_without_audit,citizen_services,27,0.8889,0.96
full_without_audit,education,27,0.8889,0.9609
full_without_audit,health,27,0.8889,0.9609
full_without_field_scope,business_licensing,27,0.7778,0.913
full_without_field_scope,citizen_services,27,0.7778,0.84
full_without_field_scope,education,27,0.7778,0.8203
full_without_field_scope,health,27,0.7778,0.8203
full_without_object_scope,business_licensing,27,0.7778,0.7826
full_without_object_scope,citizen_services,27,0.7778,0.8
full_without_object_scope,education,27,0.7778,0.8047
full_without_object_scope,health,27,0.7778,0.8047
full_without_purpose,business_licensing,27,0.8889,0.942
full_without_purpose,citizen_services,27,0.8889,0.9467
full_without_purpose,education,27,0.8889,0.9479
full_without_purpose,health,27,0.8889,0.9479
object_policy_tests,business_licensing,27,0.4444,0.6812
object_policy_tests,citizen_services,27,0.4444,0.6267
object_policy_tests,education,27,0.4444,0.612
object_policy_tests,health,27,0.4444,0.612
policy_aware_full,business_licensing,27,1.0,1.0
policy_aware_full,citizen_services,27,1.0,1.0
policy_aware_full,education,27,1.0,1.0
policy_aware_full,health,27,1.0,1.0
role_matrix,business_licensing,27,0.2222,0.4638
role_matrix,citizen_services,27,0.2222,0.4267
role_matrix,education,27,0.2222,0.4167
role_matrix,health,27,0.2222,0.4167
schema_validation,business_licensing,27,0.0,0.0
schema_validation,citizen_services,27,0.0,0.0
schema_validation,education,27,0.0,0.0
schema_validation,health,27,0.0,0.0
