method,endpoint,n,recall,risk_weighted_recall
audit_contract_tests,GET /benefits/{id},9,0.1111,0.0407
audit_contract_tests,GET /benefits/{id}/replica-1,9,0.1111,0.0407
audit_contract_tests,GET /benefits/{id}/replica-2,9,0.1111,0.0407
audit_contract_tests,GET /benefits/{id}/replica-3,9,0.1111,0.0407
audit_contract_tests,GET /benefits/{id}/replica-4,9,0.1111,0.0407
audit_contract_tests,GET /benefits/{id}/replica-5,9,0.1111,0.0407
audit_contract_tests,GET /benefits/{id}/replica-6,9,0.1111,0.0407
audit_contract_tests,GET /benefits/{id}/replica-7,9,0.1111,0.0407
audit_contract_tests,GET /benefits/{id}/replica-8,9,0.1111,0.0407
audit_contract_tests,GET /benefits/{id}/replica-9,9,0.1111,0.0407
audit_contract_tests,GET /citizens/export,9,0.1111,0.0397
audit_contract_tests,GET /citizens/export/replica-1,9,0.1111,0.0397
audit_contract_tests,GET /citizens/export/replica-2,9,0.1111,0.0397
audit_contract_tests,GET /citizens/export/replica-3,9,0.1111,0.0397
audit_contract_tests,GET /citizens/export/replica-4,9,0.1111,0.0397
audit_contract_tests,GET /citizens/export/replica-5,9,0.1111,0.0397
audit_contract_tests,GET /citizens/export/replica-6,9,0.1111,0.0397
audit_contract_tests,GET /citizens/export/replica-7,9,0.1111,0.0397
audit_contract_tests,GET /citizens/export/replica-8,9,0.1111,0.0397
audit_contract_tests,GET /citizens/export/replica-9,9,0.1111,0.0397
audit_contract_tests,GET /citizens/{id},9,0.1111,0.0397
audit_contract_tests,GET /citizens/{id}/replica-1,9,0.1111,0.0397
audit_contract_tests,GET /citizens/{id}/replica-2,9,0.1111,0.0397
audit_contract_tests,GET /citizens/{id}/replica-3,9,0.1111,0.0397
audit_contract_tests,GET /citizens/{id}/replica-4,9,0.1111,0.0397
audit_contract_tests,GET /citizens/{id}/replica-5,9,0.1111,0.0397
audit_contract_tests,GET /citizens/{id}/replica-6,9,0.1111,0.0397
audit_contract_tests,GET /citizens/{id}/replica-7,9,0.1111,0.0397
audit_contract_tests,GET /citizens/{id}/replica-8,9,0.1111,0.0397
audit_contract_tests,GET /citizens/{id}/replica-9,9,0.1111,0.0397
audit_contract_tests,GET /classes/{id}/roster,9,0.1111,0.0388
audit_contract_tests,GET /classes/{id}/roster/replica-1,9,0.1111,0.0388
audit_contract_tests,GET /classes/{id}/roster/replica-2,9,0.1111,0.0388
audit_contract_tests,GET /classes/{id}/roster/replica-3,9,0.1111,0.0388
audit_contract_tests,GET /classes/{id}/roster/replica-4,9,0.1111,0.0388
audit_contract_tests,GET /classes/{id}/roster/replica-5,9,0.1111,0.0388
audit_contract_tests,GET /classes/{id}/roster/replica-6,9,0.1111,0.0388
audit_contract_tests,GET /classes/{id}/roster/replica-7,9,0.1111,0.0388
audit_contract_tests,GET /classes/{id}/roster/replica-8,9,0.1111,0.0388
audit_contract_tests,GET /classes/{id}/roster/replica-9,9,0.1111,0.0388
audit_contract_tests,GET /discipline/{id},9,0.1111,0.0397
audit_contract_tests,GET /discipline/{id}/replica-1,9,0.1111,0.0397
audit_contract_tests,GET /discipline/{id}/replica-2,9,0.1111,0.0397
audit_contract_tests,GET /discipline/{id}/replica-3,9,0.1111,0.0397
audit_contract_tests,GET /discipline/{id}/replica-4,9,0.1111,0.0397
audit_contract_tests,GET /discipline/{id}/replica-5,9,0.1111,0.0397
audit_contract_tests,GET /discipline/{id}/replica-6,9,0.1111,0.0397
audit_contract_tests,GET /discipline/{id}/replica-7,9,0.1111,0.0397
audit_contract_tests,GET /discipline/{id}/replica-8,9,0.1111,0.0397
audit_contract_tests,GET /discipline/{id}/replica-9,9,0.1111,0.0397
audit_contract_tests,GET /encounters/{id},9,0.1111,0.0397
audit_contract_tests,GET /encounters/{id}/replica-1,9,0.1111,0.0397
audit_contract_tests,GET /encounters/{id}/replica-2,9,0.1111,0.0397
audit_contract_tests,GET /encounters/{id}/replica-3,9,0.1111,0.0397
audit_contract_tests,GET /encounters/{id}/replica-4,9,0.1111,0.0397
audit_contract_tests,GET /encounters/{id}/replica-5,9,0.1111,0.0397
audit_contract_tests,GET /encounters/{id}/replica-6,9,0.1111,0.0397
audit_contract_tests,GET /encounters/{id}/replica-7,9,0.1111,0.0397
audit_contract_tests,GET /encounters/{id}/replica-8,9,0.1111,0.0397
audit_contract_tests,GET /encounters/{id}/replica-9,9,0.1111,0.0397
audit_contract_tests,GET /inspections/{id},9,0.1111,0.0439
audit_contract_tests,GET /inspections/{id}/replica-1,9,0.1111,0.0439
audit_contract_tests,GET /inspections/{id}/replica-2,9,0.1111,0.0439
audit_contract_tests,GET /inspections/{id}/replica-3,9,0.1111,0.0439
audit_contract_tests,GET /inspections/{id}/replica-4,9,0.1111,0.0439
audit_contract_tests,GET /inspections/{id}/replica-5,9,0.1111,0.0439
audit_contract_tests,GET /inspections/{id}/replica-6,9,0.1111,0.0439
audit_contract_tests,GET /inspections/{id}/replica-7,9,0.1111,0.0439
audit_contract_tests,GET /inspections/{id}/replica-8,9,0.1111,0.0439
audit_contract_tests,GET /inspections/{id}/replica-9,9,0.1111,0.0439
audit_contract_tests,GET /licenses/export,9,0.1111,0.0427
audit_contract_tests,GET /licenses/export/replica-1,9,0.1111,0.0427
audit_contract_tests,GET /licenses/export/replica-2,9,0.1111,0.0427
audit_contract_tests,GET /licenses/export/replica-3,9,0.1111,0.0427
audit_contract_tests,GET /licenses/export/replica-4,9,0.1111,0.0427
audit_contract_tests,GET /licenses/export/replica-5,9,0.1111,0.0427
audit_contract_tests,GET /licenses/export/replica-6,9,0.1111,0.0427
audit_contract_tests,GET /licenses/export/replica-7,9,0.1111,0.0427
audit_contract_tests,GET /licenses/export/replica-8,9,0.1111,0.0427
audit_contract_tests,GET /licenses/export/replica-9,9,0.1111,0.0427
audit_contract_tests,GET /licenses/{id},9,0.1111,0.0439
audit_contract_tests,GET /licenses/{id}/replica-1,9,0.1111,0.0439
audit_contract_tests,GET /licenses/{id}/replica-2,9,0.1111,0.0439
audit_contract_tests,GET /licenses/{id}/replica-3,9,0.1111,0.0439
audit_contract_tests,GET /licenses/{id}/replica-4,9,0.1111,0.0439
audit_contract_tests,GET /licenses/{id}/replica-5,9,0.1111,0.0439
audit_contract_tests,GET /licenses/{id}/replica-6,9,0.1111,0.0439
audit_contract_tests,GET /licenses/{id}/replica-7,9,0.1111,0.0439
audit_contract_tests,GET /licenses/{id}/replica-8,9,0.1111,0.0439
audit_contract_tests,GET /licenses/{id}/replica-9,9,0.1111,0.0439
audit_contract_tests,GET /patients/search,9,0.1111,0.0388
audit_contract_tests,GET /patients/search/replica-1,9,0.1111,0.0388
audit_contract_tests,GET /patients/search/replica-2,9,0.1111,0.0388
audit_contract_tests,GET /patients/search/replica-3,9,0.1111,0.0388
audit_contract_tests,GET /patients/search/replica-4,9,0.1111,0.0388
audit_contract_tests,GET /patients/search/replica-5,9,0.1111,0.0388
audit_contract_tests,GET /patients/search/replica-6,9,0.1111,0.0388
audit_contract_tests,GET /patients/search/replica-7,9,0.1111,0.0388
audit_contract_tests,GET /patients/search/replica-8,9,0.1111,0.0388
audit_contract_tests,GET /patients/search/replica-9,9,0.1111,0.0388
audit_contract_tests,GET /patients/{id},9,0.1111,0.0388
audit_contract_tests,GET /patients/{id}/replica-1,9,0.1111,0.0388
audit_contract_tests,GET /patients/{id}/replica-2,9,0.1111,0.0388
audit_contract_tests,GET /patients/{id}/replica-3,9,0.1111,0.0388
audit_contract_tests,GET /patients/{id}/replica-4,9,0.1111,0.0388
audit_contract_tests,GET /patients/{id}/replica-5,9,0.1111,0.0388
audit_contract_tests,GET /patients/{id}/replica-6,9,0.1111,0.0388
audit_contract_tests,GET /patients/{id}/replica-7,9,0.1111,0.0388
audit_contract_tests,GET /patients/{id}/replica-8,9,0.1111,0.0388
audit_contract_tests,GET /patients/{id}/replica-9,9,0.1111,0.0388
audit_contract_tests,GET /students/{id}/record,9,0.1111,0.0388
audit_contract_tests,GET /students/{id}/record/replica-1,9,0.1111,0.0388
audit_contract_tests,GET /students/{id}/record/replica-2,9,0.1111,0.0388
audit_contract_tests,GET /students/{id}/record/replica-3,9,0.1111,0.0388
audit_contract_tests,GET /students/{id}/record/replica-4,9,0.1111,0.0388
audit_contract_tests,GET /students/{id}/record/replica-5,9,0.1111,0.0388
audit_contract_tests,GET /students/{id}/record/replica-6,9,0.1111,0.0388
audit_contract_tests,GET /students/{id}/record/replica-7,9,0.1111,0.0388
audit_contract_tests,GET /students/{id}/record/replica-8,9,0.1111,0.0388
audit_contract_tests,GET /students/{id}/record/replica-9,9,0.1111,0.0388
auth_required,GET /benefits/{id},9,0.1111,0.271
auth_required,GET /benefits/{id}/replica-1,9,0.1111,0.271
auth_required,GET /benefits/{id}/replica-2,9,0.1111,0.271
auth_required,GET /benefits/{id}/replica-3,9,0.1111,0.271
auth_required,GET /benefits/{id}/replica-4,9,0.1111,0.271
auth_required,GET /benefits/{id}/replica-5,9,0.1111,0.271
auth_required,GET /benefits/{id}/replica-6,9,0.1111,0.271
auth_required,GET /benefits/{id}/replica-7,9,0.1111,0.271
auth_required,GET /benefits/{id}/replica-8,9,0.1111,0.271
auth_required,GET /benefits/{id}/replica-9,9,0.1111,0.271
auth_required,GET /citizens/export,9,0.1111,0.2646
auth_required,GET /citizens/export/replica-1,9,0.1111,0.2646
auth_required,GET /citizens/export/replica-2,9,0.1111,0.2646
auth_required,GET /citizens/export/replica-3,9,0.1111,0.2646
auth_required,GET /citizens/export/replica-4,9,0.1111,0.2646
auth_required,GET /citizens/export/replica-5,9,0.1111,0.2646
auth_required,GET /citizens/export/replica-6,9,0.1111,0.2646
auth_required,GET /citizens/export/replica-7,9,0.1111,0.2646
auth_required,GET /citizens/export/replica-8,9,0.1111,0.2646
auth_required,GET /citizens/export/replica-9,9,0.1111,0.2646
auth_required,GET /citizens/{id},9,0.1111,0.2646
auth_required,GET /citizens/{id}/replica-1,9,0.1111,0.2646
auth_required,GET /citizens/{id}/replica-2,9,0.1111,0.2646
auth_required,GET /citizens/{id}/replica-3,9,0.1111,0.2646
auth_required,GET /citizens/{id}/replica-4,9,0.1111,0.2646
auth_required,GET /citizens/{id}/replica-5,9,0.1111,0.2646
auth_required,GET /citizens/{id}/replica-6,9,0.1111,0.2646
auth_required,GET /citizens/{id}/replica-7,9,0.1111,0.2646
auth_required,GET /citizens/{id}/replica-8,9,0.1111,0.2646
auth_required,GET /citizens/{id}/replica-9,9,0.1111,0.2646
auth_required,GET /classes/{id}/roster,9,0.1111,0.2584
auth_required,GET /classes/{id}/roster/replica-1,9,0.1111,0.2584
auth_required,GET /classes/{id}/roster/replica-2,9,0.1111,0.2584
auth_required,GET /classes/{id}/roster/replica-3,9,0.1111,0.2584
auth_required,GET /classes/{id}/roster/replica-4,9,0.1111,0.2584
auth_required,GET /classes/{id}/roster/replica-5,9,0.1111,0.2584
auth_required,GET /classes/{id}/roster/replica-6,9,0.1111,0.2584
auth_required,GET /classes/{id}/roster/replica-7,9,0.1111,0.2584
auth_required,GET /classes/{id}/roster/replica-8,9,0.1111,0.2584
auth_required,GET /classes/{id}/roster/replica-9,9,0.1111,0.2584
auth_required,GET /discipline/{id},9,0.1111,0.2646
auth_required,GET /discipline/{id}/replica-1,9,0.1111,0.2646
auth_required,GET /discipline/{id}/replica-2,9,0.1111,0.2646
auth_required,GET /discipline/{id}/replica-3,9,0.1111,0.2646
auth_required,GET /discipline/{id}/replica-4,9,0.1111,0.2646
auth_required,GET /discipline/{id}/replica-5,9,0.1111,0.2646
auth_required,GET /discipline/{id}/replica-6,9,0.1111,0.2646
auth_required,GET /discipline/{id}/replica-7,9,0.1111,0.2646
auth_required,GET /discipline/{id}/replica-8,9,0.1111,0.2646
auth_required,GET /discipline/{id}/replica-9,9,0.1111,0.2646
auth_required,GET /encounters/{id},9,0.1111,0.2646
auth_required,GET /encounters/{id}/replica-1,9,0.1111,0.2646
auth_required,GET /encounters/{id}/replica-2,9,0.1111,0.2646
auth_required,GET /encounters/{id}/replica-3,9,0.1111,0.2646
auth_required,GET /encounters/{id}/replica-4,9,0.1111,0.2646
auth_required,GET /encounters/{id}/replica-5,9,0.1111,0.2646
auth_required,GET /encounters/{id}/replica-6,9,0.1111,0.2646
auth_required,GET /encounters/{id}/replica-7,9,0.1111,0.2646
auth_required,GET /encounters/{id}/replica-8,9,0.1111,0.2646
auth_required,GET /encounters/{id}/replica-9,9,0.1111,0.2646
auth_required,GET /inspections/{id},9,0.1111,0.2924
auth_required,GET /inspections/{id}/replica-1,9,0.1111,0.2924
auth_required,GET /inspections/{id}/replica-2,9,0.1111,0.2924
auth_required,GET /inspections/{id}/replica-3,9,0.1111,0.2924
auth_required,GET /inspections/{id}/replica-4,9,0.1111,0.2924
auth_required,GET /inspections/{id}/replica-5,9,0.1111,0.2924
auth_required,GET /inspections/{id}/replica-6,9,0.1111,0.2924
auth_required,GET /inspections/{id}/replica-7,9,0.1111,0.2924
auth_required,GET /inspections/{id}/replica-8,9,0.1111,0.2924
auth_required,GET /inspections/{id}/replica-9,9,0.1111,0.2924
auth_required,GET /licenses/export,9,0.1111,0.2849
auth_required,GET /licenses/export/replica-1,9,0.1111,0.2849
auth_required,GET /licenses/export/replica-2,9,0.1111,0.2849
auth_required,GET /licenses/export/replica-3,9,0.1111,0.2849
auth_required,GET /licenses/export/replica-4,9,0.1111,0.2849
auth_required,GET /licenses/export/replica-5,9,0.1111,0.2849
auth_required,GET /licenses/export/replica-6,9,0.1111,0.2849
auth_required,GET /licenses/export/replica-7,9,0.1111,0.2849
auth_required,GET /licenses/export/replica-8,9,0.1111,0.2849
auth_required,GET /licenses/export/replica-9,9,0.1111,0.2849
auth_required,GET /licenses/{id},9,0.1111,0.2924
auth_required,GET /licenses/{id}/replica-1,9,0.1111,0.2924
auth_required,GET /licenses/{id}/replica-2,9,0.1111,0.2924
auth_required,GET /licenses/{id}/replica-3,9,0.1111,0.2924
auth_required,GET /licenses/{id}/replica-4,9,0.1111,0.2924
auth_required,GET /licenses/{id}/replica-5,9,0.1111,0.2924
auth_required,GET /licenses/{id}/replica-6,9,0.1111,0.2924
auth_required,GET /licenses/{id}/replica-7,9,0.1111,0.2924
auth_required,GET /licenses/{id}/replica-8,9,0.1111,0.2924
auth_required,GET /licenses/{id}/replica-9,9,0.1111,0.2924
auth_required,GET /patients/search,9,0.1111,0.2584
auth_required,GET /patients/search/replica-1,9,0.1111,0.2584
auth_required,GET /patients/search/replica-2,9,0.1111,0.2584
auth_required,GET /patients/search/replica-3,9,0.1111,0.2584
auth_required,GET /patients/search/replica-4,9,0.1111,0.2584
auth_required,GET /patients/search/replica-5,9,0.1111,0.2584
auth_required,GET /patients/search/replica-6,9,0.1111,0.2584
auth_required,GET /patients/search/replica-7,9,0.1111,0.2584
auth_required,GET /patients/search/replica-8,9,0.1111,0.2584
auth_required,GET /patients/search/replica-9,9,0.1111,0.2584
auth_required,GET /patients/{id},9,0.1111,0.2584
auth_required,GET /patients/{id}/replica-1,9,0.1111,0.2584
auth_required,GET /patients/{id}/replica-2,9,0.1111,0.2584
auth_required,GET /patients/{id}/replica-3,9,0.1111,0.2584
auth_required,GET /patients/{id}/replica-4,9,0.1111,0.2584
auth_required,GET /patients/{id}/replica-5,9,0.1111,0.2584
auth_required,GET /patients/{id}/replica-6,9,0.1111,0.2584
auth_required,GET /patients/{id}/replica-7,9,0.1111,0.2584
auth_required,GET /patients/{id}/replica-8,9,0.1111,0.2584
auth_required,GET /patients/{id}/replica-9,9,0.1111,0.2584
auth_required,GET /students/{id}/record,9,0.1111,0.2584
auth_required,GET /students/{id}/record/replica-1,9,0.1111,0.2584
auth_required,GET /students/{id}/record/replica-2,9,0.1111,0.2584
auth_required,GET /students/{id}/record/replica-3,9,0.1111,0.2584
auth_required,GET /students/{id}/record/replica-4,9,0.1111,0.2584
auth_required,GET /students/{id}/record/replica-5,9,0.1111,0.2584
auth_required,GET /students/{id}/record/replica-6,9,0.1111,0.2584
auth_required,GET /students/{id}/record/replica-7,9,0.1111,0.2584
auth_required,GET /students/{id}/record/replica-8,9,0.1111,0.2584
auth_required,GET /students/{id}/record/replica-9,9,0.1111,0.2584
deprecated_inventory_tests,GET /benefits/{id},9,0.1111,0.122
deprecated_inventory_tests,GET /benefits/{id}/replica-1,9,0.1111,0.122
deprecated_inventory_tests,GET /benefits/{id}/replica-2,9,0.1111,0.122
deprecated_inventory_tests,GET /benefits/{id}/replica-3,9,0.1111,0.122
deprecated_inventory_tests,GET /benefits/{id}/replica-4,9,0.1111,0.122
deprecated_inventory_tests,GET /benefits/{id}/replica-5,9,0.1111,0.122
deprecated_inventory_tests,GET /benefits/{id}/replica-6,9,0.1111,0.122
deprecated_inventory_tests,GET /benefits/{id}/replica-7,9,0.1111,0.122
deprecated_inventory_tests,GET /benefits/{id}/replica-8,9,0.1111,0.122
deprecated_inventory_tests,GET /benefits/{id}/replica-9,9,0.1111,0.122
deprecated_inventory_tests,GET /citizens/export,9,0.1111,0.119
deprecated_inventory_tests,GET /citizens/export/replica-1,9,0.1111,0.119
deprecated_inventory_tests,GET /citizens/export/replica-2,9,0.1111,0.119
deprecated_inventory_tests,GET /citizens/export/replica-3,9,0.1111,0.119
deprecated_inventory_tests,GET /citizens/export/replica-4,9,0.1111,0.119
deprecated_inventory_tests,GET /citizens/export/replica-5,9,0.1111,0.119
deprecated_inventory_tests,GET /citizens/export/replica-6,9,0.1111,0.119
deprecated_inventory_tests,GET /citizens/export/replica-7,9,0.1111,0.119
deprecated_inventory_tests,GET /citizens/export/replica-8,9,0.1111,0.119
deprecated_inventory_tests,GET /citizens/export/replica-9,9,0.1111,0.119
deprecated_inventory_tests,GET /citizens/{id},9,0.1111,0.119
deprecated_inventory_tests,GET /citizens/{id}/replica-1,9,0.1111,0.119
deprecated_inventory_tests,GET /citizens/{id}/replica-2,9,0.1111,0.119
deprecated_inventory_tests,GET /citizens/{id}/replica-3,9,0.1111,0.119
deprecated_inventory_tests,GET /citizens/{id}/replica-4,9,0.1111,0.119
deprecated_inventory_tests,GET /citizens/{id}/replica-5,9,0.1111,0.119
deprecated_inventory_tests,GET /citizens/{id}/replica-6,9,0.1111,0.119
deprecated_inventory_tests,GET /citizens/{id}/replica-7,9,0.1111,0.119
deprecated_inventory_tests,GET /citizens/{id}/replica-8,9,0.1111,0.119
deprecated_inventory_tests,GET /citizens/{id}/replica-9,9,0.1111,0.119
deprecated_inventory_tests,GET /classes/{id}/roster,9,0.1111,0.1163
deprecated_inventory_tests,GET /classes/{id}/roster/replica-1,9,0.1111,0.1163
deprecated_inventory_tests,GET /classes/{id}/roster/replica-2,9,0.1111,0.1163
deprecated_inventory_tests,GET /classes/{id}/roster/replica-3,9,0.1111,0.1163
deprecated_inventory_tests,GET /classes/{id}/roster/replica-4,9,0.1111,0.1163
deprecated_inventory_tests,GET /classes/{id}/roster/replica-5,9,0.1111,0.1163
deprecated_inventory_tests,GET /classes/{id}/roster/replica-6,9,0.1111,0.1163
deprecated_inventory_tests,GET /classes/{id}/roster/replica-7,9,0.1111,0.1163
deprecated_inventory_tests,GET /classes/{id}/roster/replica-8,9,0.1111,0.1163
deprecated_inventory_tests,GET /classes/{id}/roster/replica-9,9,0.1111,0.1163
deprecated_inventory_tests,GET /discipline/{id},9,0.1111,0.119
deprecated_inventory_tests,GET /discipline/{id}/replica-1,9,0.1111,0.119
deprecated_inventory_tests,GET /discipline/{id}/replica-2,9,0.1111,0.119
deprecated_inventory_tests,GET /discipline/{id}/replica-3,9,0.1111,0.119
deprecated_inventory_tests,GET /discipline/{id}/replica-4,9,0.1111,0.119
deprecated_inventory_tests,GET /discipline/{id}/replica-5,9,0.1111,0.119
deprecated_inventory_tests,GET /discipline/{id}/replica-6,9,0.1111,0.119
deprecated_inventory_tests,GET /discipline/{id}/replica-7,9,0.1111,0.119
deprecated_inventory_tests,GET /discipline/{id}/replica-8,9,0.1111,0.119
deprecated_inventory_tests,GET /discipline/{id}/replica-9,9,0.1111,0.119
deprecated_inventory_tests,GET /encounters/{id},9,0.1111,0.119
deprecated_inventory_tests,GET /encounters/{id}/replica-1,9,0.1111,0.119
deprecated_inventory_tests,GET /encounters/{id}/replica-2,9,0.1111,0.119
deprecated_inventory_tests,GET /encounters/{id}/replica-3,9,0.1111,0.119
deprecated_inventory_tests,GET /encounters/{id}/replica-4,9,0.1111,0.119
deprecated_inventory_tests,GET /encounters/{id}/replica-5,9,0.1111,0.119
deprecated_inventory_tests,GET /encounters/{id}/replica-6,9,0.1111,0.119
deprecated_inventory_tests,GET /encounters/{id}/replica-7,9,0.1111,0.119
deprecated_inventory_tests,GET /encounters/{id}/replica-8,9,0.1111,0.119
deprecated_inventory_tests,GET /encounters/{id}/replica-9,9,0.1111,0.119
deprecated_inventory_tests,GET /inspections/{id},9,0.1111,0.1316
deprecated_inventory_tests,GET /inspections/{id}/replica-1,9,0.1111,0.1316
deprecated_inventory_tests,GET /inspections/{id}/replica-2,9,0.1111,0.1316
deprecated_inventory_tests,GET /inspections/{id}/replica-3,9,0.1111,0.1316
deprecated_inventory_tests,GET /inspections/{id}/replica-4,9,0.1111,0.1316
deprecated_inventory_tests,GET /inspections/{id}/replica-5,9,0.1111,0.1316
deprecated_inventory_tests,GET /inspections/{id}/replica-6,9,0.1111,0.1316
deprecated_inventory_tests,GET /inspections/{id}/replica-7,9,0.1111,0.1316
deprecated_inventory_tests,GET /inspections/{id}/replica-8,9,0.1111,0.1316
deprecated_inventory_tests,GET /inspections/{id}/replica-9,9,0.1111,0.1316
deprecated_inventory_tests,GET /licenses/export,9,0.1111,0.1282
deprecated_inventory_tests,GET /licenses/export/replica-1,9,0.1111,0.1282
deprecated_inventory_tests,GET /licenses/export/replica-2,9,0.1111,0.1282
deprecated_inventory_tests,GET /licenses/export/replica-3,9,0.1111,0.1282
deprecated_inventory_tests,GET /licenses/export/replica-4,9,0.1111,0.1282
deprecated_inventory_tests,GET /licenses/export/replica-5,9,0.1111,0.1282
deprecated_inventory_tests,GET /licenses/export/replica-6,9,0.1111,0.1282
deprecated_inventory_tests,GET /licenses/export/replica-7,9,0.1111,0.1282
deprecated_inventory_tests,GET /licenses/export/replica-8,9,0.1111,0.1282
deprecated_inventory_tests,GET /licenses/export/replica-9,9,0.1111,0.1282
deprecated_inventory_tests,GET /licenses/{id},9,0.1111,0.1316
deprecated_inventory_tests,GET /licenses/{id}/replica-1,9,0.1111,0.1316
deprecated_inventory_tests,GET /licenses/{id}/replica-2,9,0.1111,0.1316
deprecated_inventory_tests,GET /licenses/{id}/replica-3,9,0.1111,0.1316
deprecated_inventory_tests,GET /licenses/{id}/replica-4,9,0.1111,0.1316
deprecated_inventory_tests,GET /licenses/{id}/replica-5,9,0.1111,0.1316
deprecated_inventory_tests,GET /licenses/{id}/replica-6,9,0.1111,0.1316
deprecated_inventory_tests,GET /licenses/{id}/replica-7,9,0.1111,0.1316
deprecated_inventory_tests,GET /licenses/{id}/replica-8,9,0.1111,0.1316
deprecated_inventory_tests,GET /licenses/{id}/replica-9,9,0.1111,0.1316
deprecated_inventory_tests,GET /patients/search,9,0.1111,0.1163
deprecated_inventory_tests,GET /patients/search/replica-1,9,0.1111,0.1163
deprecated_inventory_tests,GET /patients/search/replica-2,9,0.1111,0.1163
deprecated_inventory_tests,GET /patients/search/replica-3,9,0.1111,0.1163
deprecated_inventory_tests,GET /patients/search/replica-4,9,0.1111,0.1163
deprecated_inventory_tests,GET /patients/search/replica-5,9,0.1111,0.1163
deprecated_inventory_tests,GET /patients/search/replica-6,9,0.1111,0.1163
deprecated_inventory_tests,GET /patients/search/replica-7,9,0.1111,0.1163
deprecated_inventory_tests,GET /patients/search/replica-8,9,0.1111,0.1163
deprecated_inventory_tests,GET /patients/search/replica-9,9,0.1111,0.1163
deprecated_inventory_tests,GET /patients/{id},9,0.1111,0.1163
deprecated_inventory_tests,GET /patients/{id}/replica-1,9,0.1111,0.1163
deprecated_inventory_tests,GET /patients/{id}/replica-2,9,0.1111,0.1163
deprecated_inventory_tests,GET /patients/{id}/replica-3,9,0.1111,0.1163
deprecated_inventory_tests,GET /patients/{id}/replica-4,9,0.1111,0.1163
deprecated_inventory_tests,GET /patients/{id}/replica-5,9,0.1111,0.1163
deprecated_inventory_tests,GET /patients/{id}/replica-6,9,0.1111,0.1163
deprecated_inventory_tests,GET /patients/{id}/replica-7,9,0.1111,0.1163
deprecated_inventory_tests,GET /patients/{id}/replica-8,9,0.1111,0.1163
deprecated_inventory_tests,GET /patients/{id}/replica-9,9,0.1111,0.1163
deprecated_inventory_tests,GET /students/{id}/record,9,0.1111,0.1163
deprecated_inventory_tests,GET /students/{id}/record/replica-1,9,0.1111,0.1163
deprecated_inventory_tests,GET /students/{id}/record/replica-2,9,0.1111,0.1163
deprecated_inventory_tests,GET /students/{id}/record/replica-3,9,0.1111,0.1163
deprecated_inventory_tests,GET /students/{id}/record/replica-4,9,0.1111,0.1163
deprecated_inventory_tests,GET /students/{id}/record/replica-5,9,0.1111,0.1163
deprecated_inventory_tests,GET /students/{id}/record/replica-6,9,0.1111,0.1163
deprecated_inventory_tests,GET /students/{id}/record/replica-7,9,0.1111,0.1163
deprecated_inventory_tests,GET /students/{id}/record/replica-8,9,0.1111,0.1163
deprecated_inventory_tests,GET /students/{id}/record/replica-9,9,0.1111,0.1163
field_policy_tests,GET /benefits/{id},9,0.2222,0.1463
field_policy_tests,GET /benefits/{id}/replica-1,9,0.2222,0.1463
field_policy_tests,GET /benefits/{id}/replica-2,9,0.2222,0.1463
field_policy_tests,GET /benefits/{id}/replica-3,9,0.2222,0.1463
field_policy_tests,GET /benefits/{id}/replica-4,9,0.2222,0.1463
field_policy_tests,GET /benefits/{id}/replica-5,9,0.2222,0.1463
field_policy_tests,GET /benefits/{id}/replica-6,9,0.2222,0.1463
field_policy_tests,GET /benefits/{id}/replica-7,9,0.2222,0.1463
field_policy_tests,GET /benefits/{id}/replica-8,9,0.2222,0.1463
field_policy_tests,GET /benefits/{id}/replica-9,9,0.2222,0.1463
field_policy_tests,GET /citizens/export,9,0.2222,0.1667
field_policy_tests,GET /citizens/export/replica-1,9,0.2222,0.1667
field_policy_tests,GET /citizens/export/replica-2,9,0.2222,0.1667
field_policy_tests,GET /citizens/export/replica-3,9,0.2222,0.1667
field_policy_tests,GET /citizens/export/replica-4,9,0.2222,0.1667
field_policy_tests,GET /citizens/export/replica-5,9,0.2222,0.1667
field_policy_tests,GET /citizens/export/replica-6,9,0.2222,0.1667
field_policy_tests,GET /citizens/export/replica-7,9,0.2222,0.1667
field_policy_tests,GET /citizens/export/replica-8,9,0.2222,0.1667
field_policy_tests,GET /citizens/export/replica-9,9,0.2222,0.1667
field_policy_tests,GET /citizens/{id},9,0.2222,0.1667
field_policy_tests,GET /citizens/{id}/replica-1,9,0.2222,0.1667
field_policy_tests,GET /citizens/{id}/replica-2,9,0.2222,0.1667
field_policy_tests,GET /citizens/{id}/replica-3,9,0.2222,0.1667
field_policy_tests,GET /citizens/{id}/replica-4,9,0.2222,0.1667
field_policy_tests,GET /citizens/{id}/replica-5,9,0.2222,0.1667
field_policy_tests,GET /citizens/{id}/replica-6,9,0.2222,0.1667
field_policy_tests,GET /citizens/{id}/replica-7,9,0.2222,0.1667
field_policy_tests,GET /citizens/{id}/replica-8,9,0.2222,0.1667
field_policy_tests,GET /citizens/{id}/replica-9,9,0.2222,0.1667
field_policy_tests,GET /classes/{id}/roster,9,0.2222,0.186
field_policy_tests,GET /classes/{id}/roster/replica-1,9,0.2222,0.186
field_policy_tests,GET /classes/{id}/roster/replica-2,9,0.2222,0.186
field_policy_tests,GET /classes/{id}/roster/replica-3,9,0.2222,0.186
field_policy_tests,GET /classes/{id}/roster/replica-4,9,0.2222,0.186
field_policy_tests,GET /classes/{id}/roster/replica-5,9,0.2222,0.186
field_policy_tests,GET /classes/{id}/roster/replica-6,9,0.2222,0.186
field_policy_tests,GET /classes/{id}/roster/replica-7,9,0.2222,0.186
field_policy_tests,GET /classes/{id}/roster/replica-8,9,0.2222,0.186
field_policy_tests,GET /classes/{id}/roster/replica-9,9,0.2222,0.186
field_policy_tests,GET /discipline/{id},9,0.2222,0.1667
field_policy_tests,GET /discipline/{id}/replica-1,9,0.2222,0.1667
field_policy_tests,GET /discipline/{id}/replica-2,9,0.2222,0.1667
field_policy_tests,GET /discipline/{id}/replica-3,9,0.2222,0.1667
field_policy_tests,GET /discipline/{id}/replica-4,9,0.2222,0.1667
field_policy_tests,GET /discipline/{id}/replica-5,9,0.2222,0.1667
field_policy_tests,GET /discipline/{id}/replica-6,9,0.2222,0.1667
field_policy_tests,GET /discipline/{id}/replica-7,9,0.2222,0.1667
field_policy_tests,GET /discipline/{id}/replica-8,9,0.2222,0.1667
field_policy_tests,GET /discipline/{id}/replica-9,9,0.2222,0.1667
field_policy_tests,GET /encounters/{id},9,0.2222,0.1667
field_policy_tests,GET /encounters/{id}/replica-1,9,0.2222,0.1667
field_policy_tests,GET /encounters/{id}/replica-2,9,0.2222,0.1667
field_policy_tests,GET /encounters/{id}/replica-3,9,0.2222,0.1667
field_policy_tests,GET /encounters/{id}/replica-4,9,0.2222,0.1667
field_policy_tests,GET /encounters/{id}/replica-5,9,0.2222,0.1667
field_policy_tests,GET /encounters/{id}/replica-6,9,0.2222,0.1667
field_policy_tests,GET /encounters/{id}/replica-7,9,0.2222,0.1667
field_policy_tests,GET /encounters/{id}/replica-8,9,0.2222,0.1667
field_policy_tests,GET /encounters/{id}/replica-9,9,0.2222,0.1667
field_policy_tests,GET /inspections/{id},9,0.2222,0.0789
field_policy_tests,GET /inspections/{id}/replica-1,9,0.2222,0.0789
field_policy_tests,GET /inspections/{id}/replica-2,9,0.2222,0.0789
field_policy_tests,GET /inspections/{id}/replica-3,9,0.2222,0.0789
field_policy_tests,GET /inspections/{id}/replica-4,9,0.2222,0.0789
field_policy_tests,GET /inspections/{id}/replica-5,9,0.2222,0.0789
field_policy_tests,GET /inspections/{id}/replica-6,9,0.2222,0.0789
field_policy_tests,GET /inspections/{id}/replica-7,9,0.2222,0.0789
field_policy_tests,GET /inspections/{id}/replica-8,9,0.2222,0.0789
field_policy_tests,GET /inspections/{id}/replica-9,9,0.2222,0.0789
field_policy_tests,GET /licenses/export,9,0.2222,0.1026
field_policy_tests,GET /licenses/export/replica-1,9,0.2222,0.1026
field_policy_tests,GET /licenses/export/replica-2,9,0.2222,0.1026
field_policy_tests,GET /licenses/export/replica-3,9,0.2222,0.1026
field_policy_tests,GET /licenses/export/replica-4,9,0.2222,0.1026
field_policy_tests,GET /licenses/export/replica-5,9,0.2222,0.1026
field_policy_tests,GET /licenses/export/replica-6,9,0.2222,0.1026
field_policy_tests,GET /licenses/export/replica-7,9,0.2222,0.1026
field_policy_tests,GET /licenses/export/replica-8,9,0.2222,0.1026
field_policy_tests,GET /licenses/export/replica-9,9,0.2222,0.1026
field_policy_tests,GET /licenses/{id},9,0.2222,0.0789
field_policy_tests,GET /licenses/{id}/replica-1,9,0.2222,0.0789
field_policy_tests,GET /licenses/{id}/replica-2,9,0.2222,0.0789
field_policy_tests,GET /licenses/{id}/replica-3,9,0.2222,0.0789
field_policy_tests,GET /licenses/{id}/replica-4,9,0.2222,0.0789
field_policy_tests,GET /licenses/{id}/replica-5,9,0.2222,0.0789
field_policy_tests,GET /licenses/{id}/replica-6,9,0.2222,0.0789
field_policy_tests,GET /licenses/{id}/replica-7,9,0.2222,0.0789
field_policy_tests,GET /licenses/{id}/replica-8,9,0.2222,0.0789
field_policy_tests,GET /licenses/{id}/replica-9,9,0.2222,0.0789
field_policy_tests,GET /patients/search,9,0.2222,0.186
field_policy_tests,GET /patients/search/replica-1,9,0.2222,0.186
field_policy_tests,GET /patients/search/replica-2,9,0.2222,0.186
field_policy_tests,GET /patients/search/replica-3,9,0.2222,0.186
field_policy_tests,GET /patients/search/replica-4,9,0.2222,0.186
field_policy_tests,GET /patients/search/replica-5,9,0.2222,0.186
field_policy_tests,GET /patients/search/replica-6,9,0.2222,0.186
field_policy_tests,GET /patients/search/replica-7,9,0.2222,0.186
field_policy_tests,GET /patients/search/replica-8,9,0.2222,0.186
field_policy_tests,GET /patients/search/replica-9,9,0.2222,0.186
field_policy_tests,GET /patients/{id},9,0.2222,0.186
field_policy_tests,GET /patients/{id}/replica-1,9,0.2222,0.186
field_policy_tests,GET /patients/{id}/replica-2,9,0.2222,0.186
field_policy_tests,GET /patients/{id}/replica-3,9,0.2222,0.186
field_policy_tests,GET /patients/{id}/replica-4,9,0.2222,0.186
field_policy_tests,GET /patients/{id}/replica-5,9,0.2222,0.186
field_policy_tests,GET /patients/{id}/replica-6,9,0.2222,0.186
field_policy_tests,GET /patients/{id}/replica-7,9,0.2222,0.186
field_policy_tests,GET /patients/{id}/replica-8,9,0.2222,0.186
field_policy_tests,GET /patients/{id}/replica-9,9,0.2222,0.186
field_policy_tests,GET /students/{id}/record,9,0.2222,0.186
field_policy_tests,GET /students/{id}/record/replica-1,9,0.2222,0.186
field_policy_tests,GET /students/{id}/record/replica-2,9,0.2222,0.186
field_policy_tests,GET /students/{id}/record/replica-3,9,0.2222,0.186
field_policy_tests,GET /students/{id}/record/replica-4,9,0.2222,0.186
field_policy_tests,GET /students/{id}/record/replica-5,9,0.2222,0.186
field_policy_tests,GET /students/{id}/record/replica-6,9,0.2222,0.186
field_policy_tests,GET /students/{id}/record/replica-7,9,0.2222,0.186
field_policy_tests,GET /students/{id}/record/replica-8,9,0.2222,0.186
field_policy_tests,GET /students/{id}/record/replica-9,9,0.2222,0.186
full_without_audit,GET /benefits/{id},9,0.8889,0.9593
full_without_audit,GET /benefits/{id}/replica-1,9,0.8889,0.9593
full_without_audit,GET /benefits/{id}/replica-2,9,0.8889,0.9593
full_without_audit,GET /benefits/{id}/replica-3,9,0.8889,0.9593
full_without_audit,GET /benefits/{id}/replica-4,9,0.8889,0.9593
full_without_audit,GET /benefits/{id}/replica-5,9,0.8889,0.9593
full_without_audit,GET /benefits/{id}/replica-6,9,0.8889,0.9593
full_without_audit,GET /benefits/{id}/replica-7,9,0.8889,0.9593
full_without_audit,GET /benefits/{id}/replica-8,9,0.8889,0.9593
full_without_audit,GET /benefits/{id}/replica-9,9,0.8889,0.9593
full_without_audit,GET /citizens/export,9,0.8889,0.9603
full_without_audit,GET /citizens/export/replica-1,9,0.8889,0.9603
full_without_audit,GET /citizens/export/replica-2,9,0.8889,0.9603
full_without_audit,GET /citizens/export/replica-3,9,0.8889,0.9603
full_without_audit,GET /citizens/export/replica-4,9,0.8889,0.9603
full_without_audit,GET /citizens/export/replica-5,9,0.8889,0.9603
full_without_audit,GET /citizens/export/replica-6,9,0.8889,0.9603
full_without_audit,GET /citizens/export/replica-7,9,0.8889,0.9603
full_without_audit,GET /citizens/export/replica-8,9,0.8889,0.9603
full_without_audit,GET /citizens/export/replica-9,9,0.8889,0.9603
full_without_audit,GET /citizens/{id},9,0.8889,0.9603
full_without_audit,GET /citizens/{id}/replica-1,9,0.8889,0.9603
full_without_audit,GET /citizens/{id}/replica-2,9,0.8889,0.9603
full_without_audit,GET /citizens/{id}/replica-3,9,0.8889,0.9603
full_without_audit,GET /citizens/{id}/replica-4,9,0.8889,0.9603
full_without_audit,GET /citizens/{id}/replica-5,9,0.8889,0.9603
full_without_audit,GET /citizens/{id}/replica-6,9,0.8889,0.9603
full_without_audit,GET /citizens/{id}/replica-7,9,0.8889,0.9603
full_without_audit,GET /citizens/{id}/replica-8,9,0.8889,0.9603
full_without_audit,GET /citizens/{id}/replica-9,9,0.8889,0.9603
full_without_audit,GET /classes/{id}/roster,9,0.8889,0.9612
full_without_audit,GET /classes/{id}/roster/replica-1,9,0.8889,0.9612
full_without_audit,GET /classes/{id}/roster/replica-2,9,0.8889,0.9612
full_without_audit,GET /classes/{id}/roster/replica-3,9,0.8889,0.9612
full_without_audit,GET /classes/{id}/roster/replica-4,9,0.8889,0.9612
full_without_audit,GET /classes/{id}/roster/replica-5,9,0.8889,0.9612
full_without_audit,GET /classes/{id}/roster/replica-6,9,0.8889,0.9612
full_without_audit,GET /classes/{id}/roster/replica-7,9,0.8889,0.9612
full_without_audit,GET /classes/{id}/roster/replica-8,9,0.8889,0.9612
full_without_audit,GET /classes/{id}/roster/replica-9,9,0.8889,0.9612
full_without_audit,GET /discipline/{id},9,0.8889,0.9603
full_without_audit,GET /discipline/{id}/replica-1,9,0.8889,0.9603
full_without_audit,GET /discipline/{id}/replica-2,9,0.8889,0.9603
full_without_audit,GET /discipline/{id}/replica-3,9,0.8889,0.9603
full_without_audit,GET /discipline/{id}/replica-4,9,0.8889,0.9603
full_without_audit,GET /discipline/{id}/replica-5,9,0.8889,0.9603
full_without_audit,GET /discipline/{id}/replica-6,9,0.8889,0.9603
full_without_audit,GET /discipline/{id}/replica-7,9,0.8889,0.9603
full_without_audit,GET /discipline/{id}/replica-8,9,0.8889,0.9603
full_without_audit,GET /discipline/{id}/replica-9,9,0.8889,0.9603
full_without_audit,GET /encounters/{id},9,0.8889,0.9603
full_without_audit,GET /encounters/{id}/replica-1,9,0.8889,0.9603
full_without_audit,GET /encounters/{id}/replica-2,9,0.8889,0.9603
full_without_audit,GET /encounters/{id}/replica-3,9,0.8889,0.9603
full_without_audit,GET /encounters/{id}/replica-4,9,0.8889,0.9603
full_without_audit,GET /encounters/{id}/replica-5,9,0.8889,0.9603
full_without_audit,GET /encounters/{id}/replica-6,9,0.8889,0.9603
full_without_audit,GET /encounters/{id}/replica-7,9,0.8889,0.9603
full_without_audit,GET /encounters/{id}/replica-8,9,0.8889,0.9603
full_without_audit,GET /encounters/{id}/replica-9,9,0.8889,0.9603
full_without_audit,GET /inspections/{id},9,0.8889,0.9561
full_without_audit,GET /inspections/{id}/replica-1,9,0.8889,0.9561
full_without_audit,GET /inspections/{id}/replica-2,9,0.8889,0.9561
full_without_audit,GET /inspections/{id}/replica-3,9,0.8889,0.9561
full_without_audit,GET /inspections/{id}/replica-4,9,0.8889,0.9561
full_without_audit,GET /inspections/{id}/replica-5,9,0.8889,0.9561
full_without_audit,GET /inspections/{id}/replica-6,9,0.8889,0.9561
full_without_audit,GET /inspections/{id}/replica-7,9,0.8889,0.9561
full_without_audit,GET /inspections/{id}/replica-8,9,0.8889,0.9561
full_without_audit,GET /inspections/{id}/replica-9,9,0.8889,0.9561
full_without_audit,GET /licenses/export,9,0.8889,0.9573
full_without_audit,GET /licenses/export/replica-1,9,0.8889,0.9573
full_without_audit,GET /licenses/export/replica-2,9,0.8889,0.9573
full_without_audit,GET /licenses/export/replica-3,9,0.8889,0.9573
full_without_audit,GET /licenses/export/replica-4,9,0.8889,0.9573
full_without_audit,GET /licenses/export/replica-5,9,0.8889,0.9573
full_without_audit,GET /licenses/export/replica-6,9,0.8889,0.9573
full_without_audit,GET /licenses/export/replica-7,9,0.8889,0.9573
full_without_audit,GET /licenses/export/replica-8,9,0.8889,0.9573
full_without_audit,GET /licenses/export/replica-9,9,0.8889,0.9573
full_without_audit,GET /licenses/{id},9,0.8889,0.9561
full_without_audit,GET /licenses/{id}/replica-1,9,0.8889,0.9561
full_without_audit,GET /licenses/{id}/replica-2,9,0.8889,0.9561
full_without_audit,GET /licenses/{id}/replica-3,9,0.8889,0.9561
full_without_audit,GET /licenses/{id}/replica-4,9,0.8889,0.9561
full_without_audit,GET /licenses/{id}/replica-5,9,0.8889,0.9561
full_without_audit,GET /licenses/{id}/replica-6,9,0.8889,0.9561
full_without_audit,GET /licenses/{id}/replica-7,9,0.8889,0.9561
full_without_audit,GET /licenses/{id}/replica-8,9,0.8889,0.9561
full_without_audit,GET /licenses/{id}/replica-9,9,0.8889,0.9561
full_without_audit,GET /patients/search,9,0.8889,0.9612
full_without_audit,GET /patients/search/replica-1,9,0.8889,0.9612
full_without_audit,GET /patients/search/replica-2,9,0.8889,0.9612
full_without_audit,GET /patients/search/replica-3,9,0.8889,0.9612
full_without_audit,GET /patients/search/replica-4,9,0.8889,0.9612
full_without_audit,GET /patients/search/replica-5,9,0.8889,0.9612
full_without_audit,GET /patients/search/replica-6,9,0.8889,0.9612
full_without_audit,GET /patients/search/replica-7,9,0.8889,0.9612
full_without_audit,GET /patients/search/replica-8,9,0.8889,0.9612
full_without_audit,GET /patients/search/replica-9,9,0.8889,0.9612
full_without_audit,GET /patients/{id},9,0.8889,0.9612
full_without_audit,GET /patients/{id}/replica-1,9,0.8889,0.9612
full_without_audit,GET /patients/{id}/replica-2,9,0.8889,0.9612
full_without_audit,GET /patients/{id}/replica-3,9,0.8889,0.9612
full_without_audit,GET /patients/{id}/replica-4,9,0.8889,0.9612
full_without_audit,GET /patients/{id}/replica-5,9,0.8889,0.9612
full_without_audit,GET /patients/{id}/replica-6,9,0.8889,0.9612
full_without_audit,GET /patients/{id}/replica-7,9,0.8889,0.9612
full_without_audit,GET /patients/{id}/replica-8,9,0.8889,0.9612
full_without_audit,GET /patients/{id}/replica-9,9,0.8889,0.9612
full_without_audit,GET /students/{id}/record,9,0.8889,0.9612
full_without_audit,GET /students/{id}/record/replica-1,9,0.8889,0.9612
full_without_audit,GET /students/{id}/record/replica-2,9,0.8889,0.9612
full_without_audit,GET /students/{id}/record/replica-3,9,0.8889,0.9612
full_without_audit,GET /students/{id}/record/replica-4,9,0.8889,0.9612
full_without_audit,GET /students/{id}/record/replica-5,9,0.8889,0.9612
full_without_audit,GET /students/{id}/record/replica-6,9,0.8889,0.9612
full_without_audit,GET /students/{id}/record/replica-7,9,0.8889,0.9612
full_without_audit,GET /students/{id}/record/replica-8,9,0.8889,0.9612
full_without_audit,GET /students/{id}/record/replica-9,9,0.8889,0.9612
full_without_field_scope,GET /benefits/{id},9,0.7778,0.8537
full_without_field_scope,GET /benefits/{id}/replica-1,9,0.7778,0.8537
full_without_field_scope,GET /benefits/{id}/replica-2,9,0.7778,0.8537
full_without_field_scope,GET /benefits/{id}/replica-3,9,0.7778,0.8537
full_without_field_scope,GET /benefits/{id}/replica-4,9,0.7778,0.8537
full_without_field_scope,GET /benefits/{id}/replica-5,9,0.7778,0.8537
full_without_field_scope,GET /benefits/{id}/replica-6,9,0.7778,0.8537
full_without_field_scope,GET /benefits/{id}/replica-7,9,0.7778,0.8537
full_without_field_scope,GET /benefits/{id}/replica-8,9,0.7778,0.8537
full_without_field_scope,GET /benefits/{id}/replica-9,9,0.7778,0.8537
full_without_field_scope,GET /citizens/export,9,0.7778,0.8333
full_without_field_scope,GET /citizens/export/replica-1,9,0.7778,0.8333
full_without_field_scope,GET /citizens/export/replica-2,9,0.7778,0.8333
full_without_field_scope,GET /citizens/export/replica-3,9,0.7778,0.8333
full_without_field_scope,GET /citizens/export/replica-4,9,0.7778,0.8333
full_without_field_scope,GET /citizens/export/replica-5,9,0.7778,0.8333
full_without_field_scope,GET /citizens/export/replica-6,9,0.7778,0.8333
full_without_field_scope,GET /citizens/export/replica-7,9,0.7778,0.8333
full_without_field_scope,GET /citizens/export/replica-8,9,0.7778,0.8333
full_without_field_scope,GET /citizens/export/replica-9,9,0.7778,0.8333
full_without_field_scope,GET /citizens/{id},9,0.7778,0.8333
full_without_field_scope,GET /citizens/{id}/replica-1,9,0.7778,0.8333
full_without_field_scope,GET /citizens/{id}/replica-2,9,0.7778,0.8333
full_without_field_scope,GET /citizens/{id}/replica-3,9,0.7778,0.8333
full_without_field_scope,GET /citizens/{id}/replica-4,9,0.7778,0.8333
full_without_field_scope,GET /citizens/{id}/replica-5,9,0.7778,0.8333
full_without_field_scope,GET /citizens/{id}/replica-6,9,0.7778,0.8333
full_without_field_scope,GET /citizens/{id}/replica-7,9,0.7778,0.8333
full_without_field_scope,GET /citizens/{id}/replica-8,9,0.7778,0.8333
full_without_field_scope,GET /citizens/{id}/replica-9,9,0.7778,0.8333
full_without_field_scope,GET /classes/{id}/roster,9,0.7778,0.814
full_without_field_scope,GET /classes/{id}/roster/replica-1,9,0.7778,0.814
full_without_field_scope,GET /classes/{id}/roster/replica-2,9,0.7778,0.814
full_without_field_scope,GET /classes/{id}/roster/replica-3,9,0.7778,0.814
full_without_field_scope,GET /classes/{id}/roster/replica-4,9,0.7778,0.814
full_without_field_scope,GET /classes/{id}/roster/replica-5,9,0.7778,0.814
full_without_field_scope,GET /classes/{id}/roster/replica-6,9,0.7778,0.814
full_without_field_scope,GET /classes/{id}/roster/replica-7,9,0.7778,0.814
full_without_field_scope,GET /classes/{id}/roster/replica-8,9,0.7778,0.814
full_without_field_scope,GET /classes/{id}/roster/replica-9,9,0.7778,0.814
full_without_field_scope,GET /discipline/{id},9,0.7778,0.8333
full_without_field_scope,GET /discipline/{id}/replica-1,9,0.7778,0.8333
full_without_field_scope,GET /discipline/{id}/replica-2,9,0.7778,0.8333
full_without_field_scope,GET /discipline/{id}/replica-3,9,0.7778,0.8333
full_without_field_scope,GET /discipline/{id}/replica-4,9,0.7778,0.8333
full_without_field_scope,GET /discipline/{id}/replica-5,9,0.7778,0.8333
full_without_field_scope,GET /discipline/{id}/replica-6,9,0.7778,0.8333
full_without_field_scope,GET /discipline/{id}/replica-7,9,0.7778,0.8333
full_without_field_scope,GET /discipline/{id}/replica-8,9,0.7778,0.8333
full_without_field_scope,GET /discipline/{id}/replica-9,9,0.7778,0.8333
full_without_field_scope,GET /encounters/{id},9,0.7778,0.8333
full_without_field_scope,GET /encounters/{id}/replica-1,9,0.7778,0.8333
full_without_field_scope,GET /encounters/{id}/replica-2,9,0.7778,0.8333
full_without_field_scope,GET /encounters/{id}/replica-3,9,0.7778,0.8333
full_without_field_scope,GET /encounters/{id}/replica-4,9,0.7778,0.8333
full_without_field_scope,GET /encounters/{id}/replica-5,9,0.7778,0.8333
full_without_field_scope,GET /encounters/{id}/replica-6,9,0.7778,0.8333
full_without_field_scope,GET /encounters/{id}/replica-7,9,0.7778,0.8333
full_without_field_scope,GET /encounters/{id}/replica-8,9,0.7778,0.8333
full_without_field_scope,GET /encounters/{id}/replica-9,9,0.7778,0.8333
full_without_field_scope,GET /inspections/{id},9,0.7778,0.9211
full_without_field_scope,GET /inspections/{id}/replica-1,9,0.7778,0.9211
full_without_field_scope,GET /inspections/{id}/replica-2,9,0.7778,0.9211
full_without_field_scope,GET /inspections/{id}/replica-3,9,0.7778,0.9211
full_without_field_scope,GET /inspections/{id}/replica-4,9,0.7778,0.9211
full_without_field_scope,GET /inspections/{id}/replica-5,9,0.7778,0.9211
full_without_field_scope,GET /inspections/{id}/replica-6,9,0.7778,0.9211
full_without_field_scope,GET /inspections/{id}/replica-7,9,0.7778,0.9211
full_without_field_scope,GET /inspections/{id}/replica-8,9,0.7778,0.9211
full_without_field_scope,GET /inspections/{id}/replica-9,9,0.7778,0.9211
full_without_field_scope,GET /licenses/export,9,0.7778,0.8974
full_without_field_scope,GET /licenses/export/replica-1,9,0.7778,0.8974
full_without_field_scope,GET /licenses/export/replica-2,9,0.7778,0.8974
full_without_field_scope,GET /licenses/export/replica-3,9,0.7778,0.8974
full_without_field_scope,GET /licenses/export/replica-4,9,0.7778,0.8974
full_without_field_scope,GET /licenses/export/replica-5,9,0.7778,0.8974
full_without_field_scope,GET /licenses/export/replica-6,9,0.7778,0.8974
full_without_field_scope,GET /licenses/export/replica-7,9,0.7778,0.8974
full_without_field_scope,GET /licenses/export/replica-8,9,0.7778,0.8974
full_without_field_scope,GET /licenses/export/replica-9,9,0.7778,0.8974
full_without_field_scope,GET /licenses/{id},9,0.7778,0.9211
full_without_field_scope,GET /licenses/{id}/replica-1,9,0.7778,0.9211
full_without_field_scope,GET /licenses/{id}/replica-2,9,0.7778,0.9211
full_without_field_scope,GET /licenses/{id}/replica-3,9,0.7778,0.9211
full_without_field_scope,GET /licenses/{id}/replica-4,9,0.7778,0.9211
full_without_field_scope,GET /licenses/{id}/replica-5,9,0.7778,0.9211
full_without_field_scope,GET /licenses/{id}/replica-6,9,0.7778,0.9211
full_without_field_scope,GET /licenses/{id}/replica-7,9,0.7778,0.9211
full_without_field_scope,GET /licenses/{id}/replica-8,9,0.7778,0.9211
full_without_field_scope,GET /licenses/{id}/replica-9,9,0.7778,0.9211
full_without_field_scope,GET /patients/search,9,0.7778,0.814
full_without_field_scope,GET /patients/search/replica-1,9,0.7778,0.814
full_without_field_scope,GET /patients/search/replica-2,9,0.7778,0.814
full_without_field_scope,GET /patients/search/replica-3,9,0.7778,0.814
full_without_field_scope,GET /patients/search/replica-4,9,0.7778,0.814
full_without_field_scope,GET /patients/search/replica-5,9,0.7778,0.814
full_without_field_scope,GET /patients/search/replica-6,9,0.7778,0.814
full_without_field_scope,GET /patients/search/replica-7,9,0.7778,0.814
full_without_field_scope,GET /patients/search/replica-8,9,0.7778,0.814
full_without_field_scope,GET /patients/search/replica-9,9,0.7778,0.814
full_without_field_scope,GET /patients/{id},9,0.7778,0.814
full_without_field_scope,GET /patients/{id}/replica-1,9,0.7778,0.814
full_without_field_scope,GET /patients/{id}/replica-2,9,0.7778,0.814
full_without_field_scope,GET /patients/{id}/replica-3,9,0.7778,0.814
full_without_field_scope,GET /patients/{id}/replica-4,9,0.7778,0.814
full_without_field_scope,GET /patients/{id}/replica-5,9,0.7778,0.814
full_without_field_scope,GET /patients/{id}/replica-6,9,0.7778,0.814
full_without_field_scope,GET /patients/{id}/replica-7,9,0.7778,0.814
full_without_field_scope,GET /patients/{id}/replica-8,9,0.7778,0.814
full_without_field_scope,GET /patients/{id}/replica-9,9,0.7778,0.814
full_without_field_scope,GET /students/{id}/record,9,0.7778,0.814
full_without_field_scope,GET /students/{id}/record/replica-1,9,0.7778,0.814
full_without_field_scope,GET /students/{id}/record/replica-2,9,0.7778,0.814
full_without_field_scope,GET /students/{id}/record/replica-3,9,0.7778,0.814
full_without_field_scope,GET /students/{id}/record/replica-4,9,0.7778,0.814
full_without_field_scope,GET /students/{id}/record/replica-5,9,0.7778,0.814
full_without_field_scope,GET /students/{id}/record/replica-6,9,0.7778,0.814
full_without_field_scope,GET /students/{id}/record/replica-7,9,0.7778,0.814
full_without_field_scope,GET /students/{id}/record/replica-8,9,0.7778,0.814
full_without_field_scope,GET /students/{id}/record/replica-9,9,0.7778,0.814
full_without_object_scope,GET /benefits/{id},9,0.7778,0.7967
full_without_object_scope,GET /benefits/{id}/replica-1,9,0.7778,0.7967
full_without_object_scope,GET /benefits/{id}/replica-2,9,0.7778,0.7967
full_without_object_scope,GET /benefits/{id}/replica-3,9,0.7778,0.7967
full_without_object_scope,GET /benefits/{id}/replica-4,9,0.7778,0.7967
full_without_object_scope,GET /benefits/{id}/replica-5,9,0.7778,0.7967
full_without_object_scope,GET /benefits/{id}/replica-6,9,0.7778,0.7967
full_without_object_scope,GET /benefits/{id}/replica-7,9,0.7778,0.7967
full_without_object_scope,GET /benefits/{id}/replica-8,9,0.7778,0.7967
full_without_object_scope,GET /benefits/{id}/replica-9,9,0.7778,0.7967
full_without_object_scope,GET /citizens/export,9,0.7778,0.8016
full_without_object_scope,GET /citizens/export/replica-1,9,0.7778,0.8016
full_without_object_scope,GET /citizens/export/replica-2,9,0.7778,0.8016
full_without_object_scope,GET /citizens/export/replica-3,9,0.7778,0.8016
full_without_object_scope,GET /citizens/export/replica-4,9,0.7778,0.8016
full_without_object_scope,GET /citizens/export/replica-5,9,0.7778,0.8016
full_without_object_scope,GET /citizens/export/replica-6,9,0.7778,0.8016
full_without_object_scope,GET /citizens/export/replica-7,9,0.7778,0.8016
full_without_object_scope,GET /citizens/export/replica-8,9,0.7778,0.8016
full_without_object_scope,GET /citizens/export/replica-9,9,0.7778,0.8016
full_without_object_scope,GET /citizens/{id},9,0.7778,0.8016
full_without_object_scope,GET /citizens/{id}/replica-1,9,0.7778,0.8016
full_without_object_scope,GET /citizens/{id}/replica-2,9,0.7778,0.8016
full_without_object_scope,GET /citizens/{id}/replica-3,9,0.7778,0.8016
full_without_object_scope,GET /citizens/{id}/replica-4,9,0.7778,0.8016
full_without_object_scope,GET /citizens/{id}/replica-5,9,0.7778,0.8016
full_without_object_scope,GET /citizens/{id}/replica-6,9,0.7778,0.8016
full_without_object_scope,GET /citizens/{id}/replica-7,9,0.7778,0.8016
full_without_object_scope,GET /citizens/{id}/replica-8,9,0.7778,0.8016
full_without_object_scope,GET /citizens/{id}/replica-9,9,0.7778,0.8016
full_without_object_scope,GET /classes/{id}/roster,9,0.7778,0.8062
full_without_object_scope,GET /classes/{id}/roster/replica-1,9,0.7778,0.8062
full_without_object_scope,GET /classes/{id}/roster/replica-2,9,0.7778,0.8062
full_without_object_scope,GET /classes/{id}/roster/replica-3,9,0.7778,0.8062
full_without_object_scope,GET /classes/{id}/roster/replica-4,9,0.7778,0.8062
full_without_object_scope,GET /classes/{id}/roster/replica-5,9,0.7778,0.8062
full_without_object_scope,GET /classes/{id}/roster/replica-6,9,0.7778,0.8062
full_without_object_scope,GET /classes/{id}/roster/replica-7,9,0.7778,0.8062
full_without_object_scope,GET /classes/{id}/roster/replica-8,9,0.7778,0.8062
full_without_object_scope,GET /classes/{id}/roster/replica-9,9,0.7778,0.8062
full_without_object_scope,GET /discipline/{id},9,0.7778,0.8016
full_without_object_scope,GET /discipline/{id}/replica-1,9,0.7778,0.8016
full_without_object_scope,GET /discipline/{id}/replica-2,9,0.7778,0.8016
full_without_object_scope,GET /discipline/{id}/replica-3,9,0.7778,0.8016
full_without_object_scope,GET /discipline/{id}/replica-4,9,0.7778,0.8016
full_without_object_scope,GET /discipline/{id}/replica-5,9,0.7778,0.8016
full_without_object_scope,GET /discipline/{id}/replica-6,9,0.7778,0.8016
full_without_object_scope,GET /discipline/{id}/replica-7,9,0.7778,0.8016
full_without_object_scope,GET /discipline/{id}/replica-8,9,0.7778,0.8016
full_without_object_scope,GET /discipline/{id}/replica-9,9,0.7778,0.8016
full_without_object_scope,GET /encounters/{id},9,0.7778,0.8016
full_without_object_scope,GET /encounters/{id}/replica-1,9,0.7778,0.8016
full_without_object_scope,GET /encounters/{id}/replica-2,9,0.7778,0.8016
full_without_object_scope,GET /encounters/{id}/replica-3,9,0.7778,0.8016
full_without_object_scope,GET /encounters/{id}/replica-4,9,0.7778,0.8016
full_without_object_scope,GET /encounters/{id}/replica-5,9,0.7778,0.8016
full_without_object_scope,GET /encounters/{id}/replica-6,9,0.7778,0.8016
full_without_object_scope,GET /encounters/{id}/replica-7,9,0.7778,0.8016
full_without_object_scope,GET /encounters/{id}/replica-8,9,0.7778,0.8016
full_without_object_scope,GET /encounters/{id}/replica-9,9,0.7778,0.8016
full_without_object_scope,GET /inspections/{id},9,0.7778,0.7807
full_without_object_scope,GET /inspections/{id}/replica-1,9,0.7778,0.7807
full_without_object_scope,GET /inspections/{id}/replica-2,9,0.7778,0.7807
full_without_object_scope,GET /inspections/{id}/replica-3,9,0.7778,0.7807
full_without_object_scope,GET /inspections/{id}/replica-4,9,0.7778,0.7807
full_without_object_scope,GET /inspections/{id}/replica-5,9,0.7778,0.7807
full_without_object_scope,GET /inspections/{id}/replica-6,9,0.7778,0.7807
full_without_object_scope,GET /inspections/{id}/replica-7,9,0.7778,0.7807
full_without_object_scope,GET /inspections/{id}/replica-8,9,0.7778,0.7807
full_without_object_scope,GET /inspections/{id}/replica-9,9,0.7778,0.7807
full_without_object_scope,GET /licenses/export,9,0.7778,0.7863
full_without_object_scope,GET /licenses/export/replica-1,9,0.7778,0.7863
full_without_object_scope,GET /licenses/export/replica-2,9,0.7778,0.7863
full_without_object_scope,GET /licenses/export/replica-3,9,0.7778,0.7863
full_without_object_scope,GET /licenses/export/replica-4,9,0.7778,0.7863
full_without_object_scope,GET /licenses/export/replica-5,9,0.7778,0.7863
full_without_object_scope,GET /licenses/export/replica-6,9,0.7778,0.7863
full_without_object_scope,GET /licenses/export/replica-7,9,0.7778,0.7863
full_without_object_scope,GET /licenses/export/replica-8,9,0.7778,0.7863
full_without_object_scope,GET /licenses/export/replica-9,9,0.7778,0.7863
full_without_object_scope,GET /licenses/{id},9,0.7778,0.7807
full_without_object_scope,GET /licenses/{id}/replica-1,9,0.7778,0.7807
full_without_object_scope,GET /licenses/{id}/replica-2,9,0.7778,0.7807
full_without_object_scope,GET /licenses/{id}/replica-3,9,0.7778,0.7807
full_without_object_scope,GET /licenses/{id}/replica-4,9,0.7778,0.7807
full_without_object_scope,GET /licenses/{id}/replica-5,9,0.7778,0.7807
full_without_object_scope,GET /licenses/{id}/replica-6,9,0.7778,0.7807
full_without_object_scope,GET /licenses/{id}/replica-7,9,0.7778,0.7807
full_without_object_scope,GET /licenses/{id}/replica-8,9,0.7778,0.7807
full_without_object_scope,GET /licenses/{id}/replica-9,9,0.7778,0.7807
full_without_object_scope,GET /patients/search,9,0.7778,0.8062
full_without_object_scope,GET /patients/search/replica-1,9,0.7778,0.8062
full_without_object_scope,GET /patients/search/replica-2,9,0.7778,0.8062
full_without_object_scope,GET /patients/search/replica-3,9,0.7778,0.8062
full_without_object_scope,GET /patients/search/replica-4,9,0.7778,0.8062
full_without_object_scope,GET /patients/search/replica-5,9,0.7778,0.8062
full_without_object_scope,GET /patients/search/replica-6,9,0.7778,0.8062
full_without_object_scope,GET /patients/search/replica-7,9,0.7778,0.8062
full_without_object_scope,GET /patients/search/replica-8,9,0.7778,0.8062
full_without_object_scope,GET /patients/search/replica-9,9,0.7778,0.8062
full_without_object_scope,GET /patients/{id},9,0.7778,0.8062
full_without_object_scope,GET /patients/{id}/replica-1,9,0.7778,0.8062
full_without_object_scope,GET /patients/{id}/replica-2,9,0.7778,0.8062
full_without_object_scope,GET /patients/{id}/replica-3,9,0.7778,0.8062
full_without_object_scope,GET /patients/{id}/replica-4,9,0.7778,0.8062
full_without_object_scope,GET /patients/{id}/replica-5,9,0.7778,0.8062
full_without_object_scope,GET /patients/{id}/replica-6,9,0.7778,0.8062
full_without_object_scope,GET /patients/{id}/replica-7,9,0.7778,0.8062
full_without_object_scope,GET /patients/{id}/replica-8,9,0.7778,0.8062
full_without_object_scope,GET /patients/{id}/replica-9,9,0.7778,0.8062
full_without_object_scope,GET /students/{id}/record,9,0.7778,0.8062
full_without_object_scope,GET /students/{id}/record/replica-1,9,0.7778,0.8062
full_without_object_scope,GET /students/{id}/record/replica-2,9,0.7778,0.8062
full_without_object_scope,GET /students/{id}/record/replica-3,9,0.7778,0.8062
full_without_object_scope,GET /students/{id}/record/replica-4,9,0.7778,0.8062
full_without_object_scope,GET /students/{id}/record/replica-5,9,0.7778,0.8062
full_without_object_scope,GET /students/{id}/record/replica-6,9,0.7778,0.8062
full_without_object_scope,GET /students/{id}/record/replica-7,9,0.7778,0.8062
full_without_object_scope,GET /students/{id}/record/replica-8,9,0.7778,0.8062
full_without_object_scope,GET /students/{id}/record/replica-9,9,0.7778,0.8062
full_without_purpose,GET /benefits/{id},9,0.8889,0.9458
full_without_purpose,GET /benefits/{id}/replica-1,9,0.8889,0.9458
full_without_purpose,GET /benefits/{id}/replica-2,9,0.8889,0.9458
full_without_purpose,GET /benefits/{id}/replica-3,9,0.8889,0.9458
full_without_purpose,GET /benefits/{id}/replica-4,9,0.8889,0.9458
full_without_purpose,GET /benefits/{id}/replica-5,9,0.8889,0.9458
full_without_purpose,GET /benefits/{id}/replica-6,9,0.8889,0.9458
full_without_purpose,GET /benefits/{id}/replica-7,9,0.8889,0.9458
full_without_purpose,GET /benefits/{id}/replica-8,9,0.8889,0.9458
full_without_purpose,GET /benefits/{id}/replica-9,9,0.8889,0.9458
full_without_purpose,GET /citizens/export,9,0.8889,0.9471
full_without_purpose,GET /citizens/export/replica-1,9,0.8889,0.9471
full_without_purpose,GET /citizens/export/replica-2,9,0.8889,0.9471
full_without_purpose,GET /citizens/export/replica-3,9,0.8889,0.9471
full_without_purpose,GET /citizens/export/replica-4,9,0.8889,0.9471
full_without_purpose,GET /citizens/export/replica-5,9,0.8889,0.9471
full_without_purpose,GET /citizens/export/replica-6,9,0.8889,0.9471
full_without_purpose,GET /citizens/export/replica-7,9,0.8889,0.9471
full_without_purpose,GET /citizens/export/replica-8,9,0.8889,0.9471
full_without_purpose,GET /citizens/export/replica-9,9,0.8889,0.9471
full_without_purpose,GET /citizens/{id},9,0.8889,0.9471
full_without_purpose,GET /citizens/{id}/replica-1,9,0.8889,0.9471
full_without_purpose,GET /citizens/{id}/replica-2,9,0.8889,0.9471
full_without_purpose,GET /citizens/{id}/replica-3,9,0.8889,0.9471
full_without_purpose,GET /citizens/{id}/replica-4,9,0.8889,0.9471
full_without_purpose,GET /citizens/{id}/replica-5,9,0.8889,0.9471
full_without_purpose,GET /citizens/{id}/replica-6,9,0.8889,0.9471
full_without_purpose,GET /citizens/{id}/replica-7,9,0.8889,0.9471
full_without_purpose,GET /citizens/{id}/replica-8,9,0.8889,0.9471
full_without_purpose,GET /citizens/{id}/replica-9,9,0.8889,0.9471
full_without_purpose,GET /classes/{id}/roster,9,0.8889,0.9483
full_without_purpose,GET /classes/{id}/roster/replica-1,9,0.8889,0.9483
full_without_purpose,GET /classes/{id}/roster/replica-2,9,0.8889,0.9483
full_without_purpose,GET /classes/{id}/roster/replica-3,9,0.8889,0.9483
full_without_purpose,GET /classes/{id}/roster/replica-4,9,0.8889,0.9483
full_without_purpose,GET /classes/{id}/roster/replica-5,9,0.8889,0.9483
full_without_purpose,GET /classes/{id}/roster/replica-6,9,0.8889,0.9483
full_without_purpose,GET /classes/{id}/roster/replica-7,9,0.8889,0.9483
full_without_purpose,GET /classes/{id}/roster/replica-8,9,0.8889,0.9483
full_without_purpose,GET /classes/{id}/roster/replica-9,9,0.8889,0.9483
full_without_purpose,GET /discipline/{id},9,0.8889,0.9471
full_without_purpose,GET /discipline/{id}/replica-1,9,0.8889,0.9471
full_without_purpose,GET /discipline/{id}/replica-2,9,0.8889,0.9471
full_without_purpose,GET /discipline/{id}/replica-3,9,0.8889,0.9471
full_without_purpose,GET /discipline/{id}/replica-4,9,0.8889,0.9471
full_without_purpose,GET /discipline/{id}/replica-5,9,0.8889,0.9471
full_without_purpose,GET /discipline/{id}/replica-6,9,0.8889,0.9471
full_without_purpose,GET /discipline/{id}/replica-7,9,0.8889,0.9471
full_without_purpose,GET /discipline/{id}/replica-8,9,0.8889,0.9471
full_without_purpose,GET /discipline/{id}/replica-9,9,0.8889,0.9471
full_without_purpose,GET /encounters/{id},9,0.8889,0.9471
full_without_purpose,GET /encounters/{id}/replica-1,9,0.8889,0.9471
full_without_purpose,GET /encounters/{id}/replica-2,9,0.8889,0.9471
full_without_purpose,GET /encounters/{id}/replica-3,9,0.8889,0.9471
full_without_purpose,GET /encounters/{id}/replica-4,9,0.8889,0.9471
full_without_purpose,GET /encounters/{id}/replica-5,9,0.8889,0.9471
full_without_purpose,GET /encounters/{id}/replica-6,9,0.8889,0.9471
full_without_purpose,GET /encounters/{id}/replica-7,9,0.8889,0.9471
full_without_purpose,GET /encounters/{id}/replica-8,9,0.8889,0.9471
full_without_purpose,GET /encounters/{id}/replica-9,9,0.8889,0.9471
full_without_purpose,GET /inspections/{id},9,0.8889,0.9415
full_without_purpose,GET /inspections/{id}/replica-1,9,0.8889,0.9415
full_without_purpose,GET /inspections/{id}/replica-2,9,0.8889,0.9415
full_without_purpose,GET /inspections/{id}/replica-3,9,0.8889,0.9415
full_without_purpose,GET /inspections/{id}/replica-4,9,0.8889,0.9415
full_without_purpose,GET /inspections/{id}/replica-5,9,0.8889,0.9415
full_without_purpose,GET /inspections/{id}/replica-6,9,0.8889,0.9415
full_without_purpose,GET /inspections/{id}/replica-7,9,0.8889,0.9415
full_without_purpose,GET /inspections/{id}/replica-8,9,0.8889,0.9415
full_without_purpose,GET /inspections/{id}/replica-9,9,0.8889,0.9415
full_without_purpose,GET /licenses/export,9,0.8889,0.943
full_without_purpose,GET /licenses/export/replica-1,9,0.8889,0.943
full_without_purpose,GET /licenses/export/replica-2,9,0.8889,0.943
full_without_purpose,GET /licenses/export/replica-3,9,0.8889,0.943
full_without_purpose,GET /licenses/export/replica-4,9,0.8889,0.943
full_without_purpose,GET /licenses/export/replica-5,9,0.8889,0.943
full_without_purpose,GET /licenses/export/replica-6,9,0.8889,0.943
full_without_purpose,GET /licenses/export/replica-7,9,0.8889,0.943
full_without_purpose,GET /licenses/export/replica-8,9,0.8889,0.943
full_without_purpose,GET /licenses/export/replica-9,9,0.8889,0.943
full_without_purpose,GET /licenses/{id},9,0.8889,0.9415
full_without_purpose,GET /licenses/{id}/replica-1,9,0.8889,0.9415
full_without_purpose,GET /licenses/{id}/replica-2,9,0.8889,0.9415
full_without_purpose,GET /licenses/{id}/replica-3,9,0.8889,0.9415
full_without_purpose,GET /licenses/{id}/replica-4,9,0.8889,0.9415
full_without_purpose,GET /licenses/{id}/replica-5,9,0.8889,0.9415
full_without_purpose,GET /licenses/{id}/replica-6,9,0.8889,0.9415
full_without_purpose,GET /licenses/{id}/replica-7,9,0.8889,0.9415
full_without_purpose,GET /licenses/{id}/replica-8,9,0.8889,0.9415
full_without_purpose,GET /licenses/{id}/replica-9,9,0.8889,0.9415
full_without_purpose,GET /patients/search,9,0.8889,0.9483
full_without_purpose,GET /patients/search/replica-1,9,0.8889,0.9483
full_without_purpose,GET /patients/search/replica-2,9,0.8889,0.9483
full_without_purpose,GET /patients/search/replica-3,9,0.8889,0.9483
full_without_purpose,GET /patients/search/replica-4,9,0.8889,0.9483
full_without_purpose,GET /patients/search/replica-5,9,0.8889,0.9483
full_without_purpose,GET /patients/search/replica-6,9,0.8889,0.9483
full_without_purpose,GET /patients/search/replica-7,9,0.8889,0.9483
full_without_purpose,GET /patients/search/replica-8,9,0.8889,0.9483
full_without_purpose,GET /patients/search/replica-9,9,0.8889,0.9483
full_without_purpose,GET /patients/{id},9,0.8889,0.9483
full_without_purpose,GET /patients/{id}/replica-1,9,0.8889,0.9483
full_without_purpose,GET /patients/{id}/replica-2,9,0.8889,0.9483
full_without_purpose,GET /patients/{id}/replica-3,9,0.8889,0.9483
full_without_purpose,GET /patients/{id}/replica-4,9,0.8889,0.9483
full_without_purpose,GET /patients/{id}/replica-5,9,0.8889,0.9483
full_without_purpose,GET /patients/{id}/replica-6,9,0.8889,0.9483
full_without_purpose,GET /patients/{id}/replica-7,9,0.8889,0.9483
full_without_purpose,GET /patients/{id}/replica-8,9,0.8889,0.9483
full_without_purpose,GET /patients/{id}/replica-9,9,0.8889,0.9483
full_without_purpose,GET /students/{id}/record,9,0.8889,0.9483
full_without_purpose,GET /students/{id}/record/replica-1,9,0.8889,0.9483
full_without_purpose,GET /students/{id}/record/replica-2,9,0.8889,0.9483
full_without_purpose,GET /students/{id}/record/replica-3,9,0.8889,0.9483
full_without_purpose,GET /students/{id}/record/replica-4,9,0.8889,0.9483
full_without_purpose,GET /students/{id}/record/replica-5,9,0.8889,0.9483
full_without_purpose,GET /students/{id}/record/replica-6,9,0.8889,0.9483
full_without_purpose,GET /students/{id}/record/replica-7,9,0.8889,0.9483
full_without_purpose,GET /students/{id}/record/replica-8,9,0.8889,0.9483
full_without_purpose,GET /students/{id}/record/replica-9,9,0.8889,0.9483
object_policy_tests,GET /benefits/{id},9,0.4444,0.6369
object_policy_tests,GET /benefits/{id}/replica-1,9,0.4444,0.6369
object_policy_tests,GET /benefits/{id}/replica-2,9,0.4444,0.6369
object_policy_tests,GET /benefits/{id}/replica-3,9,0.4444,0.6369
object_policy_tests,GET /benefits/{id}/replica-4,9,0.4444,0.6369
object_policy_tests,GET /benefits/{id}/replica-5,9,0.4444,0.6369
object_policy_tests,GET /benefits/{id}/replica-6,9,0.4444,0.6369
object_policy_tests,GET /benefits/{id}/replica-7,9,0.4444,0.6369
object_policy_tests,GET /benefits/{id}/replica-8,9,0.4444,0.6369
object_policy_tests,GET /benefits/{id}/replica-9,9,0.4444,0.6369
object_policy_tests,GET /citizens/export,9,0.4444,0.6217
object_policy_tests,GET /citizens/export/replica-1,9,0.4444,0.6217
object_policy_tests,GET /citizens/export/replica-2,9,0.4444,0.6217
object_policy_tests,GET /citizens/export/replica-3,9,0.4444,0.6217
object_policy_tests,GET /citizens/export/replica-4,9,0.4444,0.6217
object_policy_tests,GET /citizens/export/replica-5,9,0.4444,0.6217
object_policy_tests,GET /citizens/export/replica-6,9,0.4444,0.6217
object_policy_tests,GET /citizens/export/replica-7,9,0.4444,0.6217
object_policy_tests,GET /citizens/export/replica-8,9,0.4444,0.6217
object_policy_tests,GET /citizens/export/replica-9,9,0.4444,0.6217
object_policy_tests,GET /citizens/{id},9,0.4444,0.6217
object_policy_tests,GET /citizens/{id}/replica-1,9,0.4444,0.6217
object_policy_tests,GET /citizens/{id}/replica-2,9,0.4444,0.6217
object_policy_tests,GET /citizens/{id}/replica-3,9,0.4444,0.6217
object_policy_tests,GET /citizens/{id}/replica-4,9,0.4444,0.6217
object_policy_tests,GET /citizens/{id}/replica-5,9,0.4444,0.6217
object_policy_tests,GET /citizens/{id}/replica-6,9,0.4444,0.6217
object_policy_tests,GET /citizens/{id}/replica-7,9,0.4444,0.6217
object_policy_tests,GET /citizens/{id}/replica-8,9,0.4444,0.6217
object_policy_tests,GET /citizens/{id}/replica-9,9,0.4444,0.6217
object_policy_tests,GET /classes/{id}/roster,9,0.4444,0.6072
object_policy_tests,GET /classes/{id}/roster/replica-1,9,0.4444,0.6072
object_policy_tests,GET /classes/{id}/roster/replica-2,9,0.4444,0.6072
object_policy_tests,GET /classes/{id}/roster/replica-3,9,0.4444,0.6072
object_policy_tests,GET /classes/{id}/roster/replica-4,9,0.4444,0.6072
object_policy_tests,GET /classes/{id}/roster/replica-5,9,0.4444,0.6072
object_policy_tests,GET /classes/{id}/roster/replica-6,9,0.4444,0.6072
object_policy_tests,GET /classes/{id}/roster/replica-7,9,0.4444,0.6072
object_policy_tests,GET /classes/{id}/roster/replica-8,9,0.4444,0.6072
object_policy_tests,GET /classes/{id}/roster/replica-9,9,0.4444,0.6072
object_policy_tests,GET /discipline/{id},9,0.4444,0.6217
object_policy_tests,GET /discipline/{id}/replica-1,9,0.4444,0.6217
object_policy_tests,GET /discipline/{id}/replica-2,9,0.4444,0.6217
object_policy_tests,GET /discipline/{id}/replica-3,9,0.4444,0.6217
object_policy_tests,GET /discipline/{id}/replica-4,9,0.4444,0.6217
object_policy_tests,GET /discipline/{id}/replica-5,9,0.4444,0.6217
object_policy_tests,GET /discipline/{id}/replica-6,9,0.4444,0.6217
object_policy_tests,GET /discipline/{id}/replica-7,9,0.4444,0.6217
object_policy_tests,GET /discipline/{id}/replica-8,9,0.4444,0.6217
object_policy_tests,GET /discipline/{id}/replica-9,9,0.4444,0.6217
object_policy_tests,GET /encounters/{id},9,0.4444,0.6217
object_policy_tests,GET /encounters/{id}/replica-1,9,0.4444,0.6217
object_policy_tests,GET /encounters/{id}/replica-2,9,0.4444,0.6217
object_policy_tests,GET /encounters/{id}/replica-3,9,0.4444,0.6217
object_policy_tests,GET /encounters/{id}/replica-4,9,0.4444,0.6217
object_policy_tests,GET /encounters/{id}/replica-5,9,0.4444,0.6217
object_policy_tests,GET /encounters/{id}/replica-6,9,0.4444,0.6217
object_policy_tests,GET /encounters/{id}/replica-7,9,0.4444,0.6217
object_policy_tests,GET /encounters/{id}/replica-8,9,0.4444,0.6217
object_policy_tests,GET /encounters/{id}/replica-9,9,0.4444,0.6217
object_policy_tests,GET /inspections/{id},9,0.4444,0.6871
object_policy_tests,GET /inspections/{id}/replica-1,9,0.4444,0.6871
object_policy_tests,GET /inspections/{id}/replica-2,9,0.4444,0.6871
object_policy_tests,GET /inspections/{id}/replica-3,9,0.4444,0.6871
object_policy_tests,GET /inspections/{id}/replica-4,9,0.4444,0.6871
object_policy_tests,GET /inspections/{id}/replica-5,9,0.4444,0.6871
object_policy_tests,GET /inspections/{id}/replica-6,9,0.4444,0.6871
object_policy_tests,GET /inspections/{id}/replica-7,9,0.4444,0.6871
object_policy_tests,GET /inspections/{id}/replica-8,9,0.4444,0.6871
object_policy_tests,GET /inspections/{id}/replica-9,9,0.4444,0.6871
object_policy_tests,GET /licenses/export,9,0.4444,0.6695
object_policy_tests,GET /licenses/export/replica-1,9,0.4444,0.6695
object_policy_tests,GET /licenses/export/replica-2,9,0.4444,0.6695
object_policy_tests,GET /licenses/export/replica-3,9,0.4444,0.6695
object_policy_tests,GET /licenses/export/replica-4,9,0.4444,0.6695
object_policy_tests,GET /licenses/export/replica-5,9,0.4444,0.6695
object_policy_tests,GET /licenses/export/replica-6,9,0.4444,0.6695
object_policy_tests,GET /licenses/export/replica-7,9,0.4444,0.6695
object_policy_tests,GET /licenses/export/replica-8,9,0.4444,0.6695
object_policy_tests,GET /licenses/export/replica-9,9,0.4444,0.6695
object_policy_tests,GET /licenses/{id},9,0.4444,0.6871
object_policy_tests,GET /licenses/{id}/replica-1,9,0.4444,0.6871
object_policy_tests,GET /licenses/{id}/replica-2,9,0.4444,0.6871
object_policy_tests,GET /licenses/{id}/replica-3,9,0.4444,0.6871
object_policy_tests,GET /licenses/{id}/replica-4,9,0.4444,0.6871
object_policy_tests,GET /licenses/{id}/replica-5,9,0.4444,0.6871
object_policy_tests,GET /licenses/{id}/replica-6,9,0.4444,0.6871
object_policy_tests,GET /licenses/{id}/replica-7,9,0.4444,0.6871
object_policy_tests,GET /licenses/{id}/replica-8,9,0.4444,0.6871
object_policy_tests,GET /licenses/{id}/replica-9,9,0.4444,0.6871
object_policy_tests,GET /patients/search,9,0.4444,0.6072
object_policy_tests,GET /patients/search/replica-1,9,0.4444,0.6072
object_policy_tests,GET /patients/search/replica-2,9,0.4444,0.6072
object_policy_tests,GET /patients/search/replica-3,9,0.4444,0.6072
object_policy_tests,GET /patients/search/replica-4,9,0.4444,0.6072
object_policy_tests,GET /patients/search/replica-5,9,0.4444,0.6072
object_policy_tests,GET /patients/search/replica-6,9,0.4444,0.6072
object_policy_tests,GET /patients/search/replica-7,9,0.4444,0.6072
object_policy_tests,GET /patients/search/replica-8,9,0.4444,0.6072
object_policy_tests,GET /patients/search/replica-9,9,0.4444,0.6072
object_policy_tests,GET /patients/{id},9,0.4444,0.6072
object_policy_tests,GET /patients/{id}/replica-1,9,0.4444,0.6072
object_policy_tests,GET /patients/{id}/replica-2,9,0.4444,0.6072
object_policy_tests,GET /patients/{id}/replica-3,9,0.4444,0.6072
object_policy_tests,GET /patients/{id}/replica-4,9,0.4444,0.6072
object_policy_tests,GET /patients/{id}/replica-5,9,0.4444,0.6072
object_policy_tests,GET /patients/{id}/replica-6,9,0.4444,0.6072
object_policy_tests,GET /patients/{id}/replica-7,9,0.4444,0.6072
object_policy_tests,GET /patients/{id}/replica-8,9,0.4444,0.6072
object_policy_tests,GET /patients/{id}/replica-9,9,0.4444,0.6072
object_policy_tests,GET /students/{id}/record,9,0.4444,0.6072
object_policy_tests,GET /students/{id}/record/replica-1,9,0.4444,0.6072
object_policy_tests,GET /students/{id}/record/replica-2,9,0.4444,0.6072
object_policy_tests,GET /students/{id}/record/replica-3,9,0.4444,0.6072
object_policy_tests,GET /students/{id}/record/replica-4,9,0.4444,0.6072
object_policy_tests,GET /students/{id}/record/replica-5,9,0.4444,0.6072
object_policy_tests,GET /students/{id}/record/replica-6,9,0.4444,0.6072
object_policy_tests,GET /students/{id}/record/replica-7,9,0.4444,0.6072
object_policy_tests,GET /students/{id}/record/replica-8,9,0.4444,0.6072
object_policy_tests,GET /students/{id}/record/replica-9,9,0.4444,0.6072
policy_aware_full,GET /benefits/{id},9,1.0,1.0
policy_aware_full,GET /benefits/{id}/replica-1,9,1.0,1.0
policy_aware_full,GET /benefits/{id}/replica-2,9,1.0,1.0
policy_aware_full,GET /benefits/{id}/replica-3,9,1.0,1.0
policy_aware_full,GET /benefits/{id}/replica-4,9,1.0,1.0
policy_aware_full,GET /benefits/{id}/replica-5,9,1.0,1.0
policy_aware_full,GET /benefits/{id}/replica-6,9,1.0,1.0
policy_aware_full,GET /benefits/{id}/replica-7,9,1.0,1.0
policy_aware_full,GET /benefits/{id}/replica-8,9,1.0,1.0
policy_aware_full,GET /benefits/{id}/replica-9,9,1.0,1.0
policy_aware_full,GET /citizens/export,9,1.0,1.0
policy_aware_full,GET /citizens/export/replica-1,9,1.0,1.0
policy_aware_full,GET /citizens/export/replica-2,9,1.0,1.0
policy_aware_full,GET /citizens/export/replica-3,9,1.0,1.0
policy_aware_full,GET /citizens/export/replica-4,9,1.0,1.0
policy_aware_full,GET /citizens/export/replica-5,9,1.0,1.0
policy_aware_full,GET /citizens/export/replica-6,9,1.0,1.0
policy_aware_full,GET /citizens/export/replica-7,9,1.0,1.0
policy_aware_full,GET /citizens/export/replica-8,9,1.0,1.0
policy_aware_full,GET /citizens/export/replica-9,9,1.0,1.0
policy_aware_full,GET /citizens/{id},9,1.0,1.0
policy_aware_full,GET /citizens/{id}/replica-1,9,1.0,1.0
policy_aware_full,GET /citizens/{id}/replica-2,9,1.0,1.0
policy_aware_full,GET /citizens/{id}/replica-3,9,1.0,1.0
policy_aware_full,GET /citizens/{id}/replica-4,9,1.0,1.0
policy_aware_full,GET /citizens/{id}/replica-5,9,1.0,1.0
policy_aware_full,GET /citizens/{id}/replica-6,9,1.0,1.0
policy_aware_full,GET /citizens/{id}/replica-7,9,1.0,1.0
policy_aware_full,GET /citizens/{id}/replica-8,9,1.0,1.0
policy_aware_full,GET /citizens/{id}/replica-9,9,1.0,1.0
policy_aware_full,GET /classes/{id}/roster,9,1.0,1.0
policy_aware_full,GET /classes/{id}/roster/replica-1,9,1.0,1.0
policy_aware_full,GET /classes/{id}/roster/replica-2,9,1.0,1.0
policy_aware_full,GET /classes/{id}/roster/replica-3,9,1.0,1.0
policy_aware_full,GET /classes/{id}/roster/replica-4,9,1.0,1.0
policy_aware_full,GET /classes/{id}/roster/replica-5,9,1.0,1.0
policy_aware_full,GET /classes/{id}/roster/replica-6,9,1.0,1.0
policy_aware_full,GET /classes/{id}/roster/replica-7,9,1.0,1.0
policy_aware_full,GET /classes/{id}/roster/replica-8,9,1.0,1.0
policy_aware_full,GET /classes/{id}/roster/replica-9,9,1.0,1.0
policy_aware_full,GET /discipline/{id},9,1.0,1.0
policy_aware_full,GET /discipline/{id}/replica-1,9,1.0,1.0
policy_aware_full,GET /discipline/{id}/replica-2,9,1.0,1.0
policy_aware_full,GET /discipline/{id}/replica-3,9,1.0,1.0
policy_aware_full,GET /discipline/{id}/replica-4,9,1.0,1.0
policy_aware_full,GET /discipline/{id}/replica-5,9,1.0,1.0
policy_aware_full,GET /discipline/{id}/replica-6,9,1.0,1.0
policy_aware_full,GET /discipline/{id}/replica-7,9,1.0,1.0
policy_aware_full,GET /discipline/{id}/replica-8,9,1.0,1.0
policy_aware_full,GET /discipline/{id}/replica-9,9,1.0,1.0
policy_aware_full,GET /encounters/{id},9,1.0,1.0
policy_aware_full,GET /encounters/{id}/replica-1,9,1.0,1.0
policy_aware_full,GET /encounters/{id}/replica-2,9,1.0,1.0
policy_aware_full,GET /encounters/{id}/replica-3,9,1.0,1.0
policy_aware_full,GET /encounters/{id}/replica-4,9,1.0,1.0
policy_aware_full,GET /encounters/{id}/replica-5,9,1.0,1.0
policy_aware_full,GET /encounters/{id}/replica-6,9,1.0,1.0
policy_aware_full,GET /encounters/{id}/replica-7,9,1.0,1.0
policy_aware_full,GET /encounters/{id}/replica-8,9,1.0,1.0
policy_aware_full,GET /encounters/{id}/replica-9,9,1.0,1.0
policy_aware_full,GET /inspections/{id},9,1.0,1.0
policy_aware_full,GET /inspections/{id}/replica-1,9,1.0,1.0
policy_aware_full,GET /inspections/{id}/replica-2,9,1.0,1.0
policy_aware_full,GET /inspections/{id}/replica-3,9,1.0,1.0
policy_aware_full,GET /inspections/{id}/replica-4,9,1.0,1.0
policy_aware_full,GET /inspections/{id}/replica-5,9,1.0,1.0
policy_aware_full,GET /inspections/{id}/replica-6,9,1.0,1.0
policy_aware_full,GET /inspections/{id}/replica-7,9,1.0,1.0
policy_aware_full,GET /inspections/{id}/replica-8,9,1.0,1.0
policy_aware_full,GET /inspections/{id}/replica-9,9,1.0,1.0
policy_aware_full,GET /licenses/export,9,1.0,1.0
policy_aware_full,GET /licenses/export/replica-1,9,1.0,1.0
policy_aware_full,GET /licenses/export/replica-2,9,1.0,1.0
policy_aware_full,GET /licenses/export/replica-3,9,1.0,1.0
policy_aware_full,GET /licenses/export/replica-4,9,1.0,1.0
policy_aware_full,GET /licenses/export/replica-5,9,1.0,1.0
policy_aware_full,GET /licenses/export/replica-6,9,1.0,1.0
policy_aware_full,GET /licenses/export/replica-7,9,1.0,1.0
policy_aware_full,GET /licenses/export/replica-8,9,1.0,1.0
policy_aware_full,GET /licenses/export/replica-9,9,1.0,1.0
policy_aware_full,GET /licenses/{id},9,1.0,1.0
policy_aware_full,GET /licenses/{id}/replica-1,9,1.0,1.0
policy_aware_full,GET /licenses/{id}/replica-2,9,1.0,1.0
policy_aware_full,GET /licenses/{id}/replica-3,9,1.0,1.0
policy_aware_full,GET /licenses/{id}/replica-4,9,1.0,1.0
policy_aware_full,GET /licenses/{id}/replica-5,9,1.0,1.0
policy_aware_full,GET /licenses/{id}/replica-6,9,1.0,1.0
policy_aware_full,GET /licenses/{id}/replica-7,9,1.0,1.0
policy_aware_full,GET /licenses/{id}/replica-8,9,1.0,1.0
policy_aware_full,GET /licenses/{id}/replica-9,9,1.0,1.0
policy_aware_full,GET /patients/search,9,1.0,1.0
policy_aware_full,GET /patients/search/replica-1,9,1.0,1.0
policy_aware_full,GET /patients/search/replica-2,9,1.0,1.0
policy_aware_full,GET /patients/search/replica-3,9,1.0,1.0
policy_aware_full,GET /patients/search/replica-4,9,1.0,1.0
policy_aware_full,GET /patients/search/replica-5,9,1.0,1.0
policy_aware_full,GET /patients/search/replica-6,9,1.0,1.0
policy_aware_full,GET /patients/search/replica-7,9,1.0,1.0
policy_aware_full,GET /patients/search/replica-8,9,1.0,1.0
policy_aware_full,GET /patients/search/replica-9,9,1.0,1.0
policy_aware_full,GET /patients/{id},9,1.0,1.0
policy_aware_full,GET /patients/{id}/replica-1,9,1.0,1.0
policy_aware_full,GET /patients/{id}/replica-2,9,1.0,1.0
policy_aware_full,GET /patients/{id}/replica-3,9,1.0,1.0
policy_aware_full,GET /patients/{id}/replica-4,9,1.0,1.0
policy_aware_full,GET /patients/{id}/replica-5,9,1.0,1.0
policy_aware_full,GET /patients/{id}/replica-6,9,1.0,1.0
policy_aware_full,GET /patients/{id}/replica-7,9,1.0,1.0
policy_aware_full,GET /patients/{id}/replica-8,9,1.0,1.0
policy_aware_full,GET /patients/{id}/replica-9,9,1.0,1.0
policy_aware_full,GET /students/{id}/record,9,1.0,1.0
policy_aware_full,GET /students/{id}/record/replica-1,9,1.0,1.0
policy_aware_full,GET /students/{id}/record/replica-2,9,1.0,1.0
policy_aware_full,GET /students/{id}/record/replica-3,9,1.0,1.0
policy_aware_full,GET /students/{id}/record/replica-4,9,1.0,1.0
policy_aware_full,GET /students/{id}/record/replica-5,9,1.0,1.0
policy_aware_full,GET /students/{id}/record/replica-6,9,1.0,1.0
policy_aware_full,GET /students/{id}/record/replica-7,9,1.0,1.0
policy_aware_full,GET /students/{id}/record/replica-8,9,1.0,1.0
policy_aware_full,GET /students/{id}/record/replica-9,9,1.0,1.0
role_matrix,GET /benefits/{id},9,0.2222,0.4336
role_matrix,GET /benefits/{id}/replica-1,9,0.2222,0.4336
role_matrix,GET /benefits/{id}/replica-2,9,0.2222,0.4336
role_matrix,GET /benefits/{id}/replica-3,9,0.2222,0.4336
role_matrix,GET /benefits/{id}/replica-4,9,0.2222,0.4336
role_matrix,GET /benefits/{id}/replica-5,9,0.2222,0.4336
role_matrix,GET /benefits/{id}/replica-6,9,0.2222,0.4336
role_matrix,GET /benefits/{id}/replica-7,9,0.2222,0.4336
role_matrix,GET /benefits/{id}/replica-8,9,0.2222,0.4336
role_matrix,GET /benefits/{id}/replica-9,9,0.2222,0.4336
role_matrix,GET /citizens/export,9,0.2222,0.4233
role_matrix,GET /citizens/export/replica-1,9,0.2222,0.4233
role_matrix,GET /citizens/export/replica-2,9,0.2222,0.4233
role_matrix,GET /citizens/export/replica-3,9,0.2222,0.4233
role_matrix,GET /citizens/export/replica-4,9,0.2222,0.4233
role_matrix,GET /citizens/export/replica-5,9,0.2222,0.4233
role_matrix,GET /citizens/export/replica-6,9,0.2222,0.4233
role_matrix,GET /citizens/export/replica-7,9,0.2222,0.4233
role_matrix,GET /citizens/export/replica-8,9,0.2222,0.4233
role_matrix,GET /citizens/export/replica-9,9,0.2222,0.4233
role_matrix,GET /citizens/{id},9,0.2222,0.4233
role_matrix,GET /citizens/{id}/replica-1,9,0.2222,0.4233
role_matrix,GET /citizens/{id}/replica-2,9,0.2222,0.4233
role_matrix,GET /citizens/{id}/replica-3,9,0.2222,0.4233
role_matrix,GET /citizens/{id}/replica-4,9,0.2222,0.4233
role_matrix,GET /citizens/{id}/replica-5,9,0.2222,0.4233
role_matrix,GET /citizens/{id}/replica-6,9,0.2222,0.4233
role_matrix,GET /citizens/{id}/replica-7,9,0.2222,0.4233
role_matrix,GET /citizens/{id}/replica-8,9,0.2222,0.4233
role_matrix,GET /citizens/{id}/replica-9,9,0.2222,0.4233
role_matrix,GET /classes/{id}/roster,9,0.2222,0.4134
role_matrix,GET /classes/{id}/roster/replica-1,9,0.2222,0.4134
role_matrix,GET /classes/{id}/roster/replica-2,9,0.2222,0.4134
role_matrix,GET /classes/{id}/roster/replica-3,9,0.2222,0.4134
role_matrix,GET /classes/{id}/roster/replica-4,9,0.2222,0.4134
role_matrix,GET /classes/{id}/roster/replica-5,9,0.2222,0.4134
role_matrix,GET /classes/{id}/roster/replica-6,9,0.2222,0.4134
role_matrix,GET /classes/{id}/roster/replica-7,9,0.2222,0.4134
role_matrix,GET /classes/{id}/roster/replica-8,9,0.2222,0.4134
role_matrix,GET /classes/{id}/roster/replica-9,9,0.2222,0.4134
role_matrix,GET /discipline/{id},9,0.2222,0.4233
role_matrix,GET /discipline/{id}/replica-1,9,0.2222,0.4233
role_matrix,GET /discipline/{id}/replica-2,9,0.2222,0.4233
role_matrix,GET /discipline/{id}/replica-3,9,0.2222,0.4233
role_matrix,GET /discipline/{id}/replica-4,9,0.2222,0.4233
role_matrix,GET /discipline/{id}/replica-5,9,0.2222,0.4233
role_matrix,GET /discipline/{id}/replica-6,9,0.2222,0.4233
role_matrix,GET /discipline/{id}/replica-7,9,0.2222,0.4233
role_matrix,GET /discipline/{id}/replica-8,9,0.2222,0.4233
role_matrix,GET /discipline/{id}/replica-9,9,0.2222,0.4233
role_matrix,GET /encounters/{id},9,0.2222,0.4233
role_matrix,GET /encounters/{id}/replica-1,9,0.2222,0.4233
role_matrix,GET /encounters/{id}/replica-2,9,0.2222,0.4233
role_matrix,GET /encounters/{id}/replica-3,9,0.2222,0.4233
role_matrix,GET /encounters/{id}/replica-4,9,0.2222,0.4233
role_matrix,GET /encounters/{id}/replica-5,9,0.2222,0.4233
role_matrix,GET /encounters/{id}/replica-6,9,0.2222,0.4233
role_matrix,GET /encounters/{id}/replica-7,9,0.2222,0.4233
role_matrix,GET /encounters/{id}/replica-8,9,0.2222,0.4233
role_matrix,GET /encounters/{id}/replica-9,9,0.2222,0.4233
role_matrix,GET /inspections/{id},9,0.2222,0.4678
role_matrix,GET /inspections/{id}/replica-1,9,0.2222,0.4678
role_matrix,GET /inspections/{id}/replica-2,9,0.2222,0.4678
role_matrix,GET /inspections/{id}/replica-3,9,0.2222,0.4678
role_matrix,GET /inspections/{id}/replica-4,9,0.2222,0.4678
role_matrix,GET /inspections/{id}/replica-5,9,0.2222,0.4678
role_matrix,GET /inspections/{id}/replica-6,9,0.2222,0.4678
role_matrix,GET /inspections/{id}/replica-7,9,0.2222,0.4678
role_matrix,GET /inspections/{id}/replica-8,9,0.2222,0.4678
role_matrix,GET /inspections/{id}/replica-9,9,0.2222,0.4678
role_matrix,GET /licenses/export,9,0.2222,0.4558
role_matrix,GET /licenses/export/replica-1,9,0.2222,0.4558
role_matrix,GET /licenses/export/replica-2,9,0.2222,0.4558
role_matrix,GET /licenses/export/replica-3,9,0.2222,0.4558
role_matrix,GET /licenses/export/replica-4,9,0.2222,0.4558
role_matrix,GET /licenses/export/replica-5,9,0.2222,0.4558
role_matrix,GET /licenses/export/replica-6,9,0.2222,0.4558
role_matrix,GET /licenses/export/replica-7,9,0.2222,0.4558
role_matrix,GET /licenses/export/replica-8,9,0.2222,0.4558
role_matrix,GET /licenses/export/replica-9,9,0.2222,0.4558
role_matrix,GET /licenses/{id},9,0.2222,0.4678
role_matrix,GET /licenses/{id}/replica-1,9,0.2222,0.4678
role_matrix,GET /licenses/{id}/replica-2,9,0.2222,0.4678
role_matrix,GET /licenses/{id}/replica-3,9,0.2222,0.4678
role_matrix,GET /licenses/{id}/replica-4,9,0.2222,0.4678
role_matrix,GET /licenses/{id}/replica-5,9,0.2222,0.4678
role_matrix,GET /licenses/{id}/replica-6,9,0.2222,0.4678
role_matrix,GET /licenses/{id}/replica-7,9,0.2222,0.4678
role_matrix,GET /licenses/{id}/replica-8,9,0.2222,0.4678
role_matrix,GET /licenses/{id}/replica-9,9,0.2222,0.4678
role_matrix,GET /patients/search,9,0.2222,0.4134
role_matrix,GET /patients/search/replica-1,9,0.2222,0.4134
role_matrix,GET /patients/search/replica-2,9,0.2222,0.4134
role_matrix,GET /patients/search/replica-3,9,0.2222,0.4134
role_matrix,GET /patients/search/replica-4,9,0.2222,0.4134
role_matrix,GET /patients/search/replica-5,9,0.2222,0.4134
role_matrix,GET /patients/search/replica-6,9,0.2222,0.4134
role_matrix,GET /patients/search/replica-7,9,0.2222,0.4134
role_matrix,GET /patients/search/replica-8,9,0.2222,0.4134
role_matrix,GET /patients/search/replica-9,9,0.2222,0.4134
role_matrix,GET /patients/{id},9,0.2222,0.4134
role_matrix,GET /patients/{id}/replica-1,9,0.2222,0.4134
role_matrix,GET /patients/{id}/replica-2,9,0.2222,0.4134
role_matrix,GET /patients/{id}/replica-3,9,0.2222,0.4134
role_matrix,GET /patients/{id}/replica-4,9,0.2222,0.4134
role_matrix,GET /patients/{id}/replica-5,9,0.2222,0.4134
role_matrix,GET /patients/{id}/replica-6,9,0.2222,0.4134
role_matrix,GET /patients/{id}/replica-7,9,0.2222,0.4134
role_matrix,GET /patients/{id}/replica-8,9,0.2222,0.4134
role_matrix,GET /patients/{id}/replica-9,9,0.2222,0.4134
role_matrix,GET /students/{id}/record,9,0.2222,0.4134
role_matrix,GET /students/{id}/record/replica-1,9,0.2222,0.4134
role_matrix,GET /students/{id}/record/replica-2,9,0.2222,0.4134
role_matrix,GET /students/{id}/record/replica-3,9,0.2222,0.4134
role_matrix,GET /students/{id}/record/replica-4,9,0.2222,0.4134
role_matrix,GET /students/{id}/record/replica-5,9,0.2222,0.4134
role_matrix,GET /students/{id}/record/replica-6,9,0.2222,0.4134
role_matrix,GET /students/{id}/record/replica-7,9,0.2222,0.4134
role_matrix,GET /students/{id}/record/replica-8,9,0.2222,0.4134
role_matrix,GET /students/{id}/record/replica-9,9,0.2222,0.4134
schema_validation,GET /benefits/{id},9,0.0,0.0
schema_validation,GET /benefits/{id}/replica-1,9,0.0,0.0
schema_validation,GET /benefits/{id}/replica-2,9,0.0,0.0
schema_validation,GET /benefits/{id}/replica-3,9,0.0,0.0
schema_validation,GET /benefits/{id}/replica-4,9,0.0,0.0
schema_validation,GET /benefits/{id}/replica-5,9,0.0,0.0
schema_validation,GET /benefits/{id}/replica-6,9,0.0,0.0
schema_validation,GET /benefits/{id}/replica-7,9,0.0,0.0
schema_validation,GET /benefits/{id}/replica-8,9,0.0,0.0
schema_validation,GET /benefits/{id}/replica-9,9,0.0,0.0
schema_validation,GET /citizens/export,9,0.0,0.0
schema_validation,GET /citizens/export/replica-1,9,0.0,0.0
schema_validation,GET /citizens/export/replica-2,9,0.0,0.0
schema_validation,GET /citizens/export/replica-3,9,0.0,0.0
schema_validation,GET /citizens/export/replica-4,9,0.0,0.0
schema_validation,GET /citizens/export/replica-5,9,0.0,0.0
schema_validation,GET /citizens/export/replica-6,9,0.0,0.0
schema_validation,GET /citizens/export/replica-7,9,0.0,0.0
schema_validation,GET /citizens/export/replica-8,9,0.0,0.0
schema_validation,GET /citizens/export/replica-9,9,0.0,0.0
schema_validation,GET /citizens/{id},9,0.0,0.0
schema_validation,GET /citizens/{id}/replica-1,9,0.0,0.0
schema_validation,GET /citizens/{id}/replica-2,9,0.0,0.0
schema_validation,GET /citizens/{id}/replica-3,9,0.0,0.0
schema_validation,GET /citizens/{id}/replica-4,9,0.0,0.0
schema_validation,GET /citizens/{id}/replica-5,9,0.0,0.0
schema_validation,GET /citizens/{id}/replica-6,9,0.0,0.0
schema_validation,GET /citizens/{id}/replica-7,9,0.0,0.0
schema_validation,GET /citizens/{id}/replica-8,9,0.0,0.0
schema_validation,GET /citizens/{id}/replica-9,9,0.0,0.0
schema_validation,GET /classes/{id}/roster,9,0.0,0.0
schema_validation,GET /classes/{id}/roster/replica-1,9,0.0,0.0
schema_validation,GET /classes/{id}/roster/replica-2,9,0.0,0.0
schema_validation,GET /classes/{id}/roster/replica-3,9,0.0,0.0
schema_validation,GET /classes/{id}/roster/replica-4,9,0.0,0.0
schema_validation,GET /classes/{id}/roster/replica-5,9,0.0,0.0
schema_validation,GET /classes/{id}/roster/replica-6,9,0.0,0.0
schema_validation,GET /classes/{id}/roster/replica-7,9,0.0,0.0
schema_validation,GET /classes/{id}/roster/replica-8,9,0.0,0.0
schema_validation,GET /classes/{id}/roster/replica-9,9,0.0,0.0
schema_validation,GET /discipline/{id},9,0.0,0.0
schema_validation,GET /discipline/{id}/replica-1,9,0.0,0.0
schema_validation,GET /discipline/{id}/replica-2,9,0.0,0.0
schema_validation,GET /discipline/{id}/replica-3,9,0.0,0.0
schema_validation,GET /discipline/{id}/replica-4,9,0.0,0.0
schema_validation,GET /discipline/{id}/replica-5,9,0.0,0.0
schema_validation,GET /discipline/{id}/replica-6,9,0.0,0.0
schema_validation,GET /discipline/{id}/replica-7,9,0.0,0.0
schema_validation,GET /discipline/{id}/replica-8,9,0.0,0.0
schema_validation,GET /discipline/{id}/replica-9,9,0.0,0.0
schema_validation,GET /encounters/{id},9,0.0,0.0
schema_validation,GET /encounters/{id}/replica-1,9,0.0,0.0
schema_validation,GET /encounters/{id}/replica-2,9,0.0,0.0
schema_validation,GET /encounters/{id}/replica-3,9,0.0,0.0
schema_validation,GET /encounters/{id}/replica-4,9,0.0,0.0
schema_validation,GET /encounters/{id}/replica-5,9,0.0,0.0
schema_validation,GET /encounters/{id}/replica-6,9,0.0,0.0
schema_validation,GET /encounters/{id}/replica-7,9,0.0,0.0
schema_validation,GET /encounters/{id}/replica-8,9,0.0,0.0
schema_validation,GET /encounters/{id}/replica-9,9,0.0,0.0
schema_validation,GET /inspections/{id},9,0.0,0.0
schema_validation,GET /inspections/{id}/replica-1,9,0.0,0.0
schema_validation,GET /inspections/{id}/replica-2,9,0.0,0.0
schema_validation,GET /inspections/{id}/replica-3,9,0.0,0.0
schema_validation,GET /inspections/{id}/replica-4,9,0.0,0.0
schema_validation,GET /inspections/{id}/replica-5,9,0.0,0.0
schema_validation,GET /inspections/{id}/replica-6,9,0.0,0.0
schema_validation,GET /inspections/{id}/replica-7,9,0.0,0.0
schema_validation,GET /inspections/{id}/replica-8,9,0.0,0.0
schema_validation,GET /inspections/{id}/replica-9,9,0.0,0.0
schema_validation,GET /licenses/export,9,0.0,0.0
schema_validation,GET /licenses/export/replica-1,9,0.0,0.0
schema_validation,GET /licenses/export/replica-2,9,0.0,0.0
schema_validation,GET /licenses/export/replica-3,9,0.0,0.0
schema_validation,GET /licenses/export/replica-4,9,0.0,0.0
schema_validation,GET /licenses/export/replica-5,9,0.0,0.0
schema_validation,GET /licenses/export/replica-6,9,0.0,0.0
schema_validation,GET /licenses/export/replica-7,9,0.0,0.0
schema_validation,GET /licenses/export/replica-8,9,0.0,0.0
schema_validation,GET /licenses/export/replica-9,9,0.0,0.0
schema_validation,GET /licenses/{id},9,0.0,0.0
schema_validation,GET /licenses/{id}/replica-1,9,0.0,0.0
schema_validation,GET /licenses/{id}/replica-2,9,0.0,0.0
schema_validation,GET /licenses/{id}/replica-3,9,0.0,0.0
schema_validation,GET /licenses/{id}/replica-4,9,0.0,0.0
schema_validation,GET /licenses/{id}/replica-5,9,0.0,0.0
schema_validation,GET /licenses/{id}/replica-6,9,0.0,0.0
schema_validation,GET /licenses/{id}/replica-7,9,0.0,0.0
schema_validation,GET /licenses/{id}/replica-8,9,0.0,0.0
schema_validation,GET /licenses/{id}/replica-9,9,0.0,0.0
schema_validation,GET /patients/search,9,0.0,0.0
schema_validation,GET /patients/search/replica-1,9,0.0,0.0
schema_validation,GET /patients/search/replica-2,9,0.0,0.0
schema_validation,GET /patients/search/replica-3,9,0.0,0.0
schema_validation,GET /patients/search/replica-4,9,0.0,0.0
schema_validation,GET /patients/search/replica-5,9,0.0,0.0
schema_validation,GET /patients/search/replica-6,9,0.0,0.0
schema_validation,GET /patients/search/replica-7,9,0.0,0.0
schema_validation,GET /patients/search/replica-8,9,0.0,0.0
schema_validation,GET /patients/search/replica-9,9,0.0,0.0
schema_validation,GET /patients/{id},9,0.0,0.0
schema_validation,GET /patients/{id}/replica-1,9,0.0,0.0
schema_validation,GET /patients/{id}/replica-2,9,0.0,0.0
schema_validation,GET /patients/{id}/replica-3,9,0.0,0.0
schema_validation,GET /patients/{id}/replica-4,9,0.0,0.0
schema_validation,GET /patients/{id}/replica-5,9,0.0,0.0
schema_validation,GET /patients/{id}/replica-6,9,0.0,0.0
schema_validation,GET /patients/{id}/replica-7,9,0.0,0.0
schema_validation,GET /patients/{id}/replica-8,9,0.0,0.0
schema_validation,GET /patients/{id}/replica-9,9,0.0,0.0
schema_validation,GET /students/{id}/record,9,0.0,0.0
schema_validation,GET /students/{id}/record/replica-1,9,0.0,0.0
schema_validation,GET /students/{id}/record/replica-2,9,0.0,0.0
schema_validation,GET /students/{id}/record/replica-3,9,0.0,0.0
schema_validation,GET /students/{id}/record/replica-4,9,0.0,0.0
schema_validation,GET /students/{id}/record/replica-5,9,0.0,0.0
schema_validation,GET /students/{id}/record/replica-6,9,0.0,0.0
schema_validation,GET /students/{id}/record/replica-7,9,0.0,0.0
schema_validation,GET /students/{id}/record/replica-8,9,0.0,0.0
schema_validation,GET /students/{id}/record/replica-9,9,0.0,0.0
