scenario_id,domain,endpoint,bug_type,primary_dimension,method,expected_violation,detected,risk,same_jurisdiction,owner_or_care_relation,consent,emergency,group_size
health_1_purpose_field,health,GET /patients/{id},purpose_conditioned_field,purpose_field_dependency,schema_validation,1,0,35.0,1,1,1,0,27
health_1_purpose_field,health,GET /patients/{id},purpose_conditioned_field,purpose_field_dependency,role_matrix,1,0,35.0,1,1,1,0,27
health_1_purpose_field,health,GET /patients/{id},purpose_conditioned_field,purpose_field_dependency,object_policy_tests,1,0,35.0,1,1,1,0,27
health_1_purpose_field,health,GET /patients/{id},purpose_conditioned_field,purpose_field_dependency,field_policy_tests,1,0,35.0,1,1,1,0,27
health_1_purpose_field,health,GET /patients/{id},purpose_conditioned_field,purpose_field_dependency,audit_contract_tests,1,0,35.0,1,1,1,0,27
health_1_purpose_field,health,GET /patients/{id},purpose_conditioned_field,purpose_field_dependency,basic_policy_aware_full,1,0,35.0,1,1,1,0,27
health_1_purpose_field,health,GET /patients/{id},purpose_conditioned_field,purpose_field_dependency,dependent_policy_full,1,1,35.0,1,1,1,0,27
health_1_purpose_field,health,GET /patients/{id},purpose_conditioned_field,purpose_field_dependency,dependent_without_consent,1,1,35.0,1,1,1,0,27
health_1_purpose_field,health,GET /patients/{id},purpose_conditioned_field,purpose_field_dependency,dependent_without_threshold,1,1,35.0,1,1,1,0,27
health_1_purpose_field,health,GET /patients/{id},purpose_conditioned_field,purpose_field_dependency,dependent_without_enhanced_audit,1,1,35.0,1,1,1,0,27
health_1_purpose_field,health,GET /patients/{id},purpose_conditioned_field,purpose_field_dependency,dependent_without_purpose_field,1,0,35.0,1,1,1,0,27
health_1_jurisdiction_field,health,GET /patients/{id},jurisdiction_conditioned_field,jurisdiction_field_dependency,schema_validation,1,0,40.0,0,1,1,0,31
health_1_jurisdiction_field,health,GET /patients/{id},jurisdiction_conditioned_field,jurisdiction_field_dependency,role_matrix,1,0,40.0,0,1,1,0,31
health_1_jurisdiction_field,health,GET /patients/{id},jurisdiction_conditioned_field,jurisdiction_field_dependency,object_policy_tests,1,0,40.0,0,1,1,0,31
health_1_jurisdiction_field,health,GET /patients/{id},jurisdiction_conditioned_field,jurisdiction_field_dependency,field_policy_tests,1,0,40.0,0,1,1,0,31
health_1_jurisdiction_field,health,GET /patients/{id},jurisdiction_conditioned_field,jurisdiction_field_dependency,audit_contract_tests,1,0,40.0,0,1,1,0,31
health_1_jurisdiction_field,health,GET /patients/{id},jurisdiction_conditioned_field,jurisdiction_field_dependency,basic_policy_aware_full,1,0,40.0,0,1,1,0,31
health_1_jurisdiction_field,health,GET /patients/{id},jurisdiction_conditioned_field,jurisdiction_field_dependency,dependent_policy_full,1,1,40.0,0,1,1,0,31
health_1_jurisdiction_field,health,GET /patients/{id},jurisdiction_conditioned_field,jurisdiction_field_dependency,dependent_without_consent,1,1,40.0,0,1,1,0,31
health_1_jurisdiction_field,health,GET /patients/{id},jurisdiction_conditioned_field,jurisdiction_field_dependency,dependent_without_threshold,1,1,40.0,0,1,1,0,31
health_1_jurisdiction_field,health,GET /patients/{id},jurisdiction_conditioned_field,jurisdiction_field_dependency,dependent_without_enhanced_audit,1,1,40.0,0,1,1,0,31
health_1_jurisdiction_field,health,GET /patients/{id},jurisdiction_conditioned_field,jurisdiction_field_dependency,dependent_without_purpose_field,1,1,40.0,0,1,1,0,31
health_1_consent_field,health,GET /patients/{id},consent_gated_field,consent_field_dependency,schema_validation,1,0,30.0,1,1,0,0,44
health_1_consent_field,health,GET /patients/{id},consent_gated_field,consent_field_dependency,role_matrix,1,0,30.0,1,1,0,0,44
health_1_consent_field,health,GET /patients/{id},consent_gated_field,consent_field_dependency,object_policy_tests,1,0,30.0,1,1,0,0,44
health_1_consent_field,health,GET /patients/{id},consent_gated_field,consent_field_dependency,field_policy_tests,1,0,30.0,1,1,0,0,44
health_1_consent_field,health,GET /patients/{id},consent_gated_field,consent_field_dependency,audit_contract_tests,1,0,30.0,1,1,0,0,44
health_1_consent_field,health,GET /patients/{id},consent_gated_field,consent_field_dependency,basic_policy_aware_full,1,0,30.0,1,1,0,0,44
health_1_consent_field,health,GET /patients/{id},consent_gated_field,consent_field_dependency,dependent_policy_full,1,1,30.0,1,1,0,0,44
health_1_consent_field,health,GET /patients/{id},consent_gated_field,consent_field_dependency,dependent_without_consent,1,0,30.0,1,1,0,0,44
health_1_consent_field,health,GET /patients/{id},consent_gated_field,consent_field_dependency,dependent_without_threshold,1,1,30.0,1,1,0,0,44
health_1_consent_field,health,GET /patients/{id},consent_gated_field,consent_field_dependency,dependent_without_enhanced_audit,1,1,30.0,1,1,0,0,44
health_1_consent_field,health,GET /patients/{id},consent_gated_field,consent_field_dependency,dependent_without_purpose_field,1,1,30.0,1,1,0,0,44
health_1_small_cell,health,GET /patients/{id},aggregation_threshold_leak,aggregation_threshold,schema_validation,1,0,25.0,1,1,1,0,4
health_1_small_cell,health,GET /patients/{id},aggregation_threshold_leak,aggregation_threshold,role_matrix,1,0,25.0,1,1,1,0,4
health_1_small_cell,health,GET /patients/{id},aggregation_threshold_leak,aggregation_threshold,object_policy_tests,1,0,25.0,1,1,1,0,4
health_1_small_cell,health,GET /patients/{id},aggregation_threshold_leak,aggregation_threshold,field_policy_tests,1,0,25.0,1,1,1,0,4
health_1_small_cell,health,GET /patients/{id},aggregation_threshold_leak,aggregation_threshold,audit_contract_tests,1,0,25.0,1,1,1,0,4
health_1_small_cell,health,GET /patients/{id},aggregation_threshold_leak,aggregation_threshold,basic_policy_aware_full,1,0,25.0,1,1,1,0,4
health_1_small_cell,health,GET /patients/{id},aggregation_threshold_leak,aggregation_threshold,dependent_policy_full,1,1,25.0,1,1,1,0,4
health_1_small_cell,health,GET /patients/{id},aggregation_threshold_leak,aggregation_threshold,dependent_without_consent,1,1,25.0,1,1,1,0,4
health_1_small_cell,health,GET /patients/{id},aggregation_threshold_leak,aggregation_threshold,dependent_without_threshold,1,0,25.0,1,1,1,0,4
health_1_small_cell,health,GET /patients/{id},aggregation_threshold_leak,aggregation_threshold,dependent_without_enhanced_audit,1,1,25.0,1,1,1,0,4
health_1_small_cell,health,GET /patients/{id},aggregation_threshold_leak,aggregation_threshold,dependent_without_purpose_field,1,1,25.0,1,1,1,0,4
health_1_emergency_audit,health,GET /patients/{id},emergency_audit_downgrade,enhanced_audit_dependency,schema_validation,1,0,20.0,1,1,1,1,30
health_1_emergency_audit,health,GET /patients/{id},emergency_audit_downgrade,enhanced_audit_dependency,role_matrix,1,0,20.0,1,1,1,1,30
health_1_emergency_audit,health,GET /patients/{id},emergency_audit_downgrade,enhanced_audit_dependency,object_policy_tests,1,0,20.0,1,1,1,1,30
health_1_emergency_audit,health,GET /patients/{id},emergency_audit_downgrade,enhanced_audit_dependency,field_policy_tests,1,0,20.0,1,1,1,1,30
health_1_emergency_audit,health,GET /patients/{id},emergency_audit_downgrade,enhanced_audit_dependency,audit_contract_tests,1,0,20.0,1,1,1,1,30
health_1_emergency_audit,health,GET /patients/{id},emergency_audit_downgrade,enhanced_audit_dependency,basic_policy_aware_full,1,0,20.0,1,1,1,1,30
health_1_emergency_audit,health,GET /patients/{id},emergency_audit_downgrade,enhanced_audit_dependency,dependent_policy_full,1,1,20.0,1,1,1,1,30
health_1_emergency_audit,health,GET /patients/{id},emergency_audit_downgrade,enhanced_audit_dependency,dependent_without_consent,1,1,20.0,1,1,1,1,30
health_1_emergency_audit,health,GET /patients/{id},emergency_audit_downgrade,enhanced_audit_dependency,dependent_without_threshold,1,1,20.0,1,1,1,1,30
health_1_emergency_audit,health,GET /patients/{id},emergency_audit_downgrade,enhanced_audit_dependency,dependent_without_enhanced_audit,1,0,20.0,1,1,1,1,30
health_1_emergency_audit,health,GET /patients/{id},emergency_audit_downgrade,enhanced_audit_dependency,dependent_without_purpose_field,1,1,20.0,1,1,1,1,30
health_1_compound_scope,health,GET /patients/{id},compound_scope_field,compound_policy_interaction,schema_validation,1,0,50.0,0,0,0,0,3
health_1_compound_scope,health,GET /patients/{id},compound_scope_field,compound_policy_interaction,role_matrix,1,0,50.0,0,0,0,0,3
health_1_compound_scope,health,GET /patients/{id},compound_scope_field,compound_policy_interaction,object_policy_tests,1,0,50.0,0,0,0,0,3
health_1_compound_scope,health,GET /patients/{id},compound_scope_field,compound_policy_interaction,field_policy_tests,1,0,50.0,0,0,0,0,3
health_1_compound_scope,health,GET /patients/{id},compound_scope_field,compound_policy_interaction,audit_contract_tests,1,0,50.0,0,0,0,0,3
health_1_compound_scope,health,GET /patients/{id},compound_scope_field,compound_policy_interaction,basic_policy_aware_full,1,0,50.0,0,0,0,0,3
health_1_compound_scope,health,GET /patients/{id},compound_scope_field,compound_policy_interaction,dependent_policy_full,1,1,50.0,0,0,0,0,3
health_1_compound_scope,health,GET /patients/{id},compound_scope_field,compound_policy_interaction,dependent_without_consent,1,0,50.0,0,0,0,0,3
health_1_compound_scope,health,GET /patients/{id},compound_scope_field,compound_policy_interaction,dependent_without_threshold,1,1,50.0,0,0,0,0,3
health_1_compound_scope,health,GET /patients/{id},compound_scope_field,compound_policy_interaction,dependent_without_enhanced_audit,1,1,50.0,0,0,0,0,3
health_1_compound_scope,health,GET /patients/{id},compound_scope_field,compound_policy_interaction,dependent_without_purpose_field,1,1,50.0,0,0,0,0,3
health_1_clean_dependent,health,GET /patients/{id},clean,none,schema_validation,0,0,0.0,1,1,1,0,30
health_1_clean_dependent,health,GET /patients/{id},clean,none,role_matrix,0,0,0.0,1,1,1,0,30
health_1_clean_dependent,health,GET /patients/{id},clean,none,object_policy_tests,0,0,0.0,1,1,1,0,30
health_1_clean_dependent,health,GET /patients/{id},clean,none,field_policy_tests,0,0,0.0,1,1,1,0,30
health_1_clean_dependent,health,GET /patients/{id},clean,none,audit_contract_tests,0,0,0.0,1,1,1,0,30
health_1_clean_dependent,health,GET /patients/{id},clean,none,basic_policy_aware_full,0,0,0.0,1,1,1,0,30
health_1_clean_dependent,health,GET /patients/{id},clean,none,dependent_policy_full,0,0,0.0,1,1,1,0,30
health_1_clean_dependent,health,GET /patients/{id},clean,none,dependent_without_consent,0,0,0.0,1,1,1,0,30
health_1_clean_dependent,health,GET /patients/{id},clean,none,dependent_without_threshold,0,0,0.0,1,1,1,0,30
health_1_clean_dependent,health,GET /patients/{id},clean,none,dependent_without_enhanced_audit,0,0,0.0,1,1,1,0,30
health_1_clean_dependent,health,GET /patients/{id},clean,none,dependent_without_purpose_field,0,0,0.0,1,1,1,0,30
citizen_services_2_purpose_field,citizen_services,GET /benefits/{id},purpose_conditioned_field,purpose_field_dependency,schema_validation,1,0,35.0,1,1,1,0,27
citizen_services_2_purpose_field,citizen_services,GET /benefits/{id},purpose_conditioned_field,purpose_field_dependency,role_matrix,1,0,35.0,1,1,1,0,27
citizen_services_2_purpose_field,citizen_services,GET /benefits/{id},purpose_conditioned_field,purpose_field_dependency,object_policy_tests,1,0,35.0,1,1,1,0,27
citizen_services_2_purpose_field,citizen_services,GET /benefits/{id},purpose_conditioned_field,purpose_field_dependency,field_policy_tests,1,0,35.0,1,1,1,0,27
citizen_services_2_purpose_field,citizen_services,GET /benefits/{id},purpose_conditioned_field,purpose_field_dependency,audit_contract_tests,1,0,35.0,1,1,1,0,27
citizen_services_2_purpose_field,citizen_services,GET /benefits/{id},purpose_conditioned_field,purpose_field_dependency,basic_policy_aware_full,1,0,35.0,1,1,1,0,27
citizen_services_2_purpose_field,citizen_services,GET /benefits/{id},purpose_conditioned_field,purpose_field_dependency,dependent_policy_full,1,1,35.0,1,1,1,0,27
citizen_services_2_purpose_field,citizen_services,GET /benefits/{id},purpose_conditioned_field,purpose_field_dependency,dependent_without_consent,1,1,35.0,1,1,1,0,27
citizen_services_2_purpose_field,citizen_services,GET /benefits/{id},purpose_conditioned_field,purpose_field_dependency,dependent_without_threshold,1,1,35.0,1,1,1,0,27
citizen_services_2_purpose_field,citizen_services,GET /benefits/{id},purpose_conditioned_field,purpose_field_dependency,dependent_without_enhanced_audit,1,1,35.0,1,1,1,0,27
citizen_services_2_purpose_field,citizen_services,GET /benefits/{id},purpose_conditioned_field,purpose_field_dependency,dependent_without_purpose_field,1,0,35.0,1,1,1,0,27
citizen_services_2_jurisdiction_field,citizen_services,GET /benefits/{id},jurisdiction_conditioned_field,jurisdiction_field_dependency,schema_validation,1,0,40.0,0,1,1,0,31
citizen_services_2_jurisdiction_field,citizen_services,GET /benefits/{id},jurisdiction_conditioned_field,jurisdiction_field_dependency,role_matrix,1,0,40.0,0,1,1,0,31
citizen_services_2_jurisdiction_field,citizen_services,GET /benefits/{id},jurisdiction_conditioned_field,jurisdiction_field_dependency,object_policy_tests,1,0,40.0,0,1,1,0,31
citizen_services_2_jurisdiction_field,citizen_services,GET /benefits/{id},jurisdiction_conditioned_field,jurisdiction_field_dependency,field_policy_tests,1,0,40.0,0,1,1,0,31
citizen_services_2_jurisdiction_field,citizen_services,GET /benefits/{id},jurisdiction_conditioned_field,jurisdiction_field_dependency,audit_contract_tests,1,0,40.0,0,1,1,0,31
citizen_services_2_jurisdiction_field,citizen_services,GET /benefits/{id},jurisdiction_conditioned_field,jurisdiction_field_dependency,basic_policy_aware_full,1,0,40.0,0,1,1,0,31
citizen_services_2_jurisdiction_field,citizen_services,GET /benefits/{id},jurisdiction_conditioned_field,jurisdiction_field_dependency,dependent_policy_full,1,1,40.0,0,1,1,0,31
citizen_services_2_jurisdiction_field,citizen_services,GET /benefits/{id},jurisdiction_conditioned_field,jurisdiction_field_dependency,dependent_without_consent,1,1,40.0,0,1,1,0,31
citizen_services_2_jurisdiction_field,citizen_services,GET /benefits/{id},jurisdiction_conditioned_field,jurisdiction_field_dependency,dependent_without_threshold,1,1,40.0,0,1,1,0,31
citizen_services_2_jurisdiction_field,citizen_services,GET /benefits/{id},jurisdiction_conditioned_field,jurisdiction_field_dependency,dependent_without_enhanced_audit,1,1,40.0,0,1,1,0,31
citizen_services_2_jurisdiction_field,citizen_services,GET /benefits/{id},jurisdiction_conditioned_field,jurisdiction_field_dependency,dependent_without_purpose_field,1,1,40.0,0,1,1,0,31
citizen_services_2_consent_field,citizen_services,GET /benefits/{id},consent_gated_field,consent_field_dependency,schema_validation,1,0,30.0,1,1,0,0,44
citizen_services_2_consent_field,citizen_services,GET /benefits/{id},consent_gated_field,consent_field_dependency,role_matrix,1,0,30.0,1,1,0,0,44
citizen_services_2_consent_field,citizen_services,GET /benefits/{id},consent_gated_field,consent_field_dependency,object_policy_tests,1,0,30.0,1,1,0,0,44
citizen_services_2_consent_field,citizen_services,GET /benefits/{id},consent_gated_field,consent_field_dependency,field_policy_tests,1,0,30.0,1,1,0,0,44
citizen_services_2_consent_field,citizen_services,GET /benefits/{id},consent_gated_field,consent_field_dependency,audit_contract_tests,1,0,30.0,1,1,0,0,44
citizen_services_2_consent_field,citizen_services,GET /benefits/{id},consent_gated_field,consent_field_dependency,basic_policy_aware_full,1,0,30.0,1,1,0,0,44
citizen_services_2_consent_field,citizen_services,GET /benefits/{id},consent_gated_field,consent_field_dependency,dependent_policy_full,1,1,30.0,1,1,0,0,44
citizen_services_2_consent_field,citizen_services,GET /benefits/{id},consent_gated_field,consent_field_dependency,dependent_without_consent,1,0,30.0,1,1,0,0,44
citizen_services_2_consent_field,citizen_services,GET /benefits/{id},consent_gated_field,consent_field_dependency,dependent_without_threshold,1,1,30.0,1,1,0,0,44
citizen_services_2_consent_field,citizen_services,GET /benefits/{id},consent_gated_field,consent_field_dependency,dependent_without_enhanced_audit,1,1,30.0,1,1,0,0,44
citizen_services_2_consent_field,citizen_services,GET /benefits/{id},consent_gated_field,consent_field_dependency,dependent_without_purpose_field,1,1,30.0,1,1,0,0,44
citizen_services_2_small_cell,citizen_services,GET /benefits/{id},aggregation_threshold_leak,aggregation_threshold,schema_validation,1,0,25.0,1,1,1,0,4
citizen_services_2_small_cell,citizen_services,GET /benefits/{id},aggregation_threshold_leak,aggregation_threshold,role_matrix,1,0,25.0,1,1,1,0,4
citizen_services_2_small_cell,citizen_services,GET /benefits/{id},aggregation_threshold_leak,aggregation_threshold,object_policy_tests,1,0,25.0,1,1,1,0,4
citizen_services_2_small_cell,citizen_services,GET /benefits/{id},aggregation_threshold_leak,aggregation_threshold,field_policy_tests,1,0,25.0,1,1,1,0,4
citizen_services_2_small_cell,citizen_services,GET /benefits/{id},aggregation_threshold_leak,aggregation_threshold,audit_contract_tests,1,0,25.0,1,1,1,0,4
citizen_services_2_small_cell,citizen_services,GET /benefits/{id},aggregation_threshold_leak,aggregation_threshold,basic_policy_aware_full,1,0,25.0,1,1,1,0,4
citizen_services_2_small_cell,citizen_services,GET /benefits/{id},aggregation_threshold_leak,aggregation_threshold,dependent_policy_full,1,1,25.0,1,1,1,0,4
citizen_services_2_small_cell,citizen_services,GET /benefits/{id},aggregation_threshold_leak,aggregation_threshold,dependent_without_consent,1,1,25.0,1,1,1,0,4
citizen_services_2_small_cell,citizen_services,GET /benefits/{id},aggregation_threshold_leak,aggregation_threshold,dependent_without_threshold,1,0,25.0,1,1,1,0,4
citizen_services_2_small_cell,citizen_services,GET /benefits/{id},aggregation_threshold_leak,aggregation_threshold,dependent_without_enhanced_audit,1,1,25.0,1,1,1,0,4
citizen_services_2_small_cell,citizen_services,GET /benefits/{id},aggregation_threshold_leak,aggregation_threshold,dependent_without_purpose_field,1,1,25.0,1,1,1,0,4
citizen_services_2_emergency_audit,citizen_services,GET /benefits/{id},emergency_audit_downgrade,enhanced_audit_dependency,schema_validation,1,0,20.0,1,1,1,1,30
citizen_services_2_emergency_audit,citizen_services,GET /benefits/{id},emergency_audit_downgrade,enhanced_audit_dependency,role_matrix,1,0,20.0,1,1,1,1,30
citizen_services_2_emergency_audit,citizen_services,GET /benefits/{id},emergency_audit_downgrade,enhanced_audit_dependency,object_policy_tests,1,0,20.0,1,1,1,1,30
citizen_services_2_emergency_audit,citizen_services,GET /benefits/{id},emergency_audit_downgrade,enhanced_audit_dependency,field_policy_tests,1,0,20.0,1,1,1,1,30
citizen_services_2_emergency_audit,citizen_services,GET /benefits/{id},emergency_audit_downgrade,enhanced_audit_dependency,audit_contract_tests,1,0,20.0,1,1,1,1,30
citizen_services_2_emergency_audit,citizen_services,GET /benefits/{id},emergency_audit_downgrade,enhanced_audit_dependency,basic_policy_aware_full,1,0,20.0,1,1,1,1,30
citizen_services_2_emergency_audit,citizen_services,GET /benefits/{id},emergency_audit_downgrade,enhanced_audit_dependency,dependent_policy_full,1,1,20.0,1,1,1,1,30
citizen_services_2_emergency_audit,citizen_services,GET /benefits/{id},emergency_audit_downgrade,enhanced_audit_dependency,dependent_without_consent,1,1,20.0,1,1,1,1,30
citizen_services_2_emergency_audit,citizen_services,GET /benefits/{id},emergency_audit_downgrade,enhanced_audit_dependency,dependent_without_threshold,1,1,20.0,1,1,1,1,30
citizen_services_2_emergency_audit,citizen_services,GET /benefits/{id},emergency_audit_downgrade,enhanced_audit_dependency,dependent_without_enhanced_audit,1,0,20.0,1,1,1,1,30
citizen_services_2_emergency_audit,citizen_services,GET /benefits/{id},emergency_audit_downgrade,enhanced_audit_dependency,dependent_without_purpose_field,1,1,20.0,1,1,1,1,30
citizen_services_2_compound_scope,citizen_services,GET /benefits/{id},compound_scope_field,compound_policy_interaction,schema_validation,1,0,50.0,0,0,0,0,3
citizen_services_2_compound_scope,citizen_services,GET /benefits/{id},compound_scope_field,compound_policy_interaction,role_matrix,1,0,50.0,0,0,0,0,3
citizen_services_2_compound_scope,citizen_services,GET /benefits/{id},compound_scope_field,compound_policy_interaction,object_policy_tests,1,0,50.0,0,0,0,0,3
citizen_services_2_compound_scope,citizen_services,GET /benefits/{id},compound_scope_field,compound_policy_interaction,field_policy_tests,1,0,50.0,0,0,0,0,3
citizen_services_2_compound_scope,citizen_services,GET /benefits/{id},compound_scope_field,compound_policy_interaction,audit_contract_tests,1,0,50.0,0,0,0,0,3
citizen_services_2_compound_scope,citizen_services,GET /benefits/{id},compound_scope_field,compound_policy_interaction,basic_policy_aware_full,1,0,50.0,0,0,0,0,3
citizen_services_2_compound_scope,citizen_services,GET /benefits/{id},compound_scope_field,compound_policy_interaction,dependent_policy_full,1,1,50.0,0,0,0,0,3
citizen_services_2_compound_scope,citizen_services,GET /benefits/{id},compound_scope_field,compound_policy_interaction,dependent_without_consent,1,0,50.0,0,0,0,0,3
citizen_services_2_compound_scope,citizen_services,GET /benefits/{id},compound_scope_field,compound_policy_interaction,dependent_without_threshold,1,1,50.0,0,0,0,0,3
citizen_services_2_compound_scope,citizen_services,GET /benefits/{id},compound_scope_field,compound_policy_interaction,dependent_without_enhanced_audit,1,1,50.0,0,0,0,0,3
citizen_services_2_compound_scope,citizen_services,GET /benefits/{id},compound_scope_field,compound_policy_interaction,dependent_without_purpose_field,1,1,50.0,0,0,0,0,3
citizen_services_2_clean_dependent,citizen_services,GET /benefits/{id},clean,none,schema_validation,0,0,0.0,1,1,1,0,30
citizen_services_2_clean_dependent,citizen_services,GET /benefits/{id},clean,none,role_matrix,0,0,0.0,1,1,1,0,30
citizen_services_2_clean_dependent,citizen_services,GET /benefits/{id},clean,none,object_policy_tests,0,0,0.0,1,1,1,0,30
citizen_services_2_clean_dependent,citizen_services,GET /benefits/{id},clean,none,field_policy_tests,0,0,0.0,1,1,1,0,30
citizen_services_2_clean_dependent,citizen_services,GET /benefits/{id},clean,none,audit_contract_tests,0,0,0.0,1,1,1,0,30
citizen_services_2_clean_dependent,citizen_services,GET /benefits/{id},clean,none,basic_policy_aware_full,0,0,0.0,1,1,1,0,30
citizen_services_2_clean_dependent,citizen_services,GET /benefits/{id},clean,none,dependent_policy_full,0,0,0.0,1,1,1,0,30
citizen_services_2_clean_dependent,citizen_services,GET /benefits/{id},clean,none,dependent_without_consent,0,0,0.0,1,1,1,0,30
citizen_services_2_clean_dependent,citizen_services,GET /benefits/{id},clean,none,dependent_without_threshold,0,0,0.0,1,1,1,0,30
citizen_services_2_clean_dependent,citizen_services,GET /benefits/{id},clean,none,dependent_without_enhanced_audit,0,0,0.0,1,1,1,0,30
citizen_services_2_clean_dependent,citizen_services,GET /benefits/{id},clean,none,dependent_without_purpose_field,0,0,0.0,1,1,1,0,30
education_3_purpose_field,education,GET /students/{id}/record,purpose_conditioned_field,purpose_field_dependency,schema_validation,1,0,35.0,1,1,1,0,27
education_3_purpose_field,education,GET /students/{id}/record,purpose_conditioned_field,purpose_field_dependency,role_matrix,1,0,35.0,1,1,1,0,27
education_3_purpose_field,education,GET /students/{id}/record,purpose_conditioned_field,purpose_field_dependency,object_policy_tests,1,0,35.0,1,1,1,0,27
education_3_purpose_field,education,GET /students/{id}/record,purpose_conditioned_field,purpose_field_dependency,field_policy_tests,1,0,35.0,1,1,1,0,27
education_3_purpose_field,education,GET /students/{id}/record,purpose_conditioned_field,purpose_field_dependency,audit_contract_tests,1,0,35.0,1,1,1,0,27
education_3_purpose_field,education,GET /students/{id}/record,purpose_conditioned_field,purpose_field_dependency,basic_policy_aware_full,1,0,35.0,1,1,1,0,27
education_3_purpose_field,education,GET /students/{id}/record,purpose_conditioned_field,purpose_field_dependency,dependent_policy_full,1,1,35.0,1,1,1,0,27
education_3_purpose_field,education,GET /students/{id}/record,purpose_conditioned_field,purpose_field_dependency,dependent_without_consent,1,1,35.0,1,1,1,0,27
education_3_purpose_field,education,GET /students/{id}/record,purpose_conditioned_field,purpose_field_dependency,dependent_without_threshold,1,1,35.0,1,1,1,0,27
education_3_purpose_field,education,GET /students/{id}/record,purpose_conditioned_field,purpose_field_dependency,dependent_without_enhanced_audit,1,1,35.0,1,1,1,0,27
education_3_purpose_field,education,GET /students/{id}/record,purpose_conditioned_field,purpose_field_dependency,dependent_without_purpose_field,1,0,35.0,1,1,1,0,27
education_3_jurisdiction_field,education,GET /students/{id}/record,jurisdiction_conditioned_field,jurisdiction_field_dependency,schema_validation,1,0,40.0,0,1,1,0,31
education_3_jurisdiction_field,education,GET /students/{id}/record,jurisdiction_conditioned_field,jurisdiction_field_dependency,role_matrix,1,0,40.0,0,1,1,0,31
education_3_jurisdiction_field,education,GET /students/{id}/record,jurisdiction_conditioned_field,jurisdiction_field_dependency,object_policy_tests,1,0,40.0,0,1,1,0,31
education_3_jurisdiction_field,education,GET /students/{id}/record,jurisdiction_conditioned_field,jurisdiction_field_dependency,field_policy_tests,1,0,40.0,0,1,1,0,31
education_3_jurisdiction_field,education,GET /students/{id}/record,jurisdiction_conditioned_field,jurisdiction_field_dependency,audit_contract_tests,1,0,40.0,0,1,1,0,31
education_3_jurisdiction_field,education,GET /students/{id}/record,jurisdiction_conditioned_field,jurisdiction_field_dependency,basic_policy_aware_full,1,0,40.0,0,1,1,0,31
education_3_jurisdiction_field,education,GET /students/{id}/record,jurisdiction_conditioned_field,jurisdiction_field_dependency,dependent_policy_full,1,1,40.0,0,1,1,0,31
education_3_jurisdiction_field,education,GET /students/{id}/record,jurisdiction_conditioned_field,jurisdiction_field_dependency,dependent_without_consent,1,1,40.0,0,1,1,0,31
education_3_jurisdiction_field,education,GET /students/{id}/record,jurisdiction_conditioned_field,jurisdiction_field_dependency,dependent_without_threshold,1,1,40.0,0,1,1,0,31
education_3_jurisdiction_field,education,GET /students/{id}/record,jurisdiction_conditioned_field,jurisdiction_field_dependency,dependent_without_enhanced_audit,1,1,40.0,0,1,1,0,31
education_3_jurisdiction_field,education,GET /students/{id}/record,jurisdiction_conditioned_field,jurisdiction_field_dependency,dependent_without_purpose_field,1,1,40.0,0,1,1,0,31
education_3_consent_field,education,GET /students/{id}/record,consent_gated_field,consent_field_dependency,schema_validation,1,0,30.0,1,1,0,0,44
education_3_consent_field,education,GET /students/{id}/record,consent_gated_field,consent_field_dependency,role_matrix,1,0,30.0,1,1,0,0,44
education_3_consent_field,education,GET /students/{id}/record,consent_gated_field,consent_field_dependency,object_policy_tests,1,0,30.0,1,1,0,0,44
education_3_consent_field,education,GET /students/{id}/record,consent_gated_field,consent_field_dependency,field_policy_tests,1,0,30.0,1,1,0,0,44
education_3_consent_field,education,GET /students/{id}/record,consent_gated_field,consent_field_dependency,audit_contract_tests,1,0,30.0,1,1,0,0,44
education_3_consent_field,education,GET /students/{id}/record,consent_gated_field,consent_field_dependency,basic_policy_aware_full,1,0,30.0,1,1,0,0,44
education_3_consent_field,education,GET /students/{id}/record,consent_gated_field,consent_field_dependency,dependent_policy_full,1,1,30.0,1,1,0,0,44
education_3_consent_field,education,GET /students/{id}/record,consent_gated_field,consent_field_dependency,dependent_without_consent,1,0,30.0,1,1,0,0,44
education_3_consent_field,education,GET /students/{id}/record,consent_gated_field,consent_field_dependency,dependent_without_threshold,1,1,30.0,1,1,0,0,44
education_3_consent_field,education,GET /students/{id}/record,consent_gated_field,consent_field_dependency,dependent_without_enhanced_audit,1,1,30.0,1,1,0,0,44
education_3_consent_field,education,GET /students/{id}/record,consent_gated_field,consent_field_dependency,dependent_without_purpose_field,1,1,30.0,1,1,0,0,44
education_3_small_cell,education,GET /students/{id}/record,aggregation_threshold_leak,aggregation_threshold,schema_validation,1,0,25.0,1,1,1,0,4
education_3_small_cell,education,GET /students/{id}/record,aggregation_threshold_leak,aggregation_threshold,role_matrix,1,0,25.0,1,1,1,0,4
education_3_small_cell,education,GET /students/{id}/record,aggregation_threshold_leak,aggregation_threshold,object_policy_tests,1,0,25.0,1,1,1,0,4
education_3_small_cell,education,GET /students/{id}/record,aggregation_threshold_leak,aggregation_threshold,field_policy_tests,1,0,25.0,1,1,1,0,4
education_3_small_cell,education,GET /students/{id}/record,aggregation_threshold_leak,aggregation_threshold,audit_contract_tests,1,0,25.0,1,1,1,0,4
education_3_small_cell,education,GET /students/{id}/record,aggregation_threshold_leak,aggregation_threshold,basic_policy_aware_full,1,0,25.0,1,1,1,0,4
education_3_small_cell,education,GET /students/{id}/record,aggregation_threshold_leak,aggregation_threshold,dependent_policy_full,1,1,25.0,1,1,1,0,4
education_3_small_cell,education,GET /students/{id}/record,aggregation_threshold_leak,aggregation_threshold,dependent_without_consent,1,1,25.0,1,1,1,0,4
education_3_small_cell,education,GET /students/{id}/record,aggregation_threshold_leak,aggregation_threshold,dependent_without_threshold,1,0,25.0,1,1,1,0,4
education_3_small_cell,education,GET /students/{id}/record,aggregation_threshold_leak,aggregation_threshold,dependent_without_enhanced_audit,1,1,25.0,1,1,1,0,4
education_3_small_cell,education,GET /students/{id}/record,aggregation_threshold_leak,aggregation_threshold,dependent_without_purpose_field,1,1,25.0,1,1,1,0,4
education_3_emergency_audit,education,GET /students/{id}/record,emergency_audit_downgrade,enhanced_audit_dependency,schema_validation,1,0,20.0,1,1,1,1,30
education_3_emergency_audit,education,GET /students/{id}/record,emergency_audit_downgrade,enhanced_audit_dependency,role_matrix,1,0,20.0,1,1,1,1,30
education_3_emergency_audit,education,GET /students/{id}/record,emergency_audit_downgrade,enhanced_audit_dependency,object_policy_tests,1,0,20.0,1,1,1,1,30
education_3_emergency_audit,education,GET /students/{id}/record,emergency_audit_downgrade,enhanced_audit_dependency,field_policy_tests,1,0,20.0,1,1,1,1,30
education_3_emergency_audit,education,GET /students/{id}/record,emergency_audit_downgrade,enhanced_audit_dependency,audit_contract_tests,1,0,20.0,1,1,1,1,30
education_3_emergency_audit,education,GET /students/{id}/record,emergency_audit_downgrade,enhanced_audit_dependency,basic_policy_aware_full,1,0,20.0,1,1,1,1,30
education_3_emergency_audit,education,GET /students/{id}/record,emergency_audit_downgrade,enhanced_audit_dependency,dependent_policy_full,1,1,20.0,1,1,1,1,30
education_3_emergency_audit,education,GET /students/{id}/record,emergency_audit_downgrade,enhanced_audit_dependency,dependent_without_consent,1,1,20.0,1,1,1,1,30
education_3_emergency_audit,education,GET /students/{id}/record,emergency_audit_downgrade,enhanced_audit_dependency,dependent_without_threshold,1,1,20.0,1,1,1,1,30
education_3_emergency_audit,education,GET /students/{id}/record,emergency_audit_downgrade,enhanced_audit_dependency,dependent_without_enhanced_audit,1,0,20.0,1,1,1,1,30
education_3_emergency_audit,education,GET /students/{id}/record,emergency_audit_downgrade,enhanced_audit_dependency,dependent_without_purpose_field,1,1,20.0,1,1,1,1,30
education_3_compound_scope,education,GET /students/{id}/record,compound_scope_field,compound_policy_interaction,schema_validation,1,0,50.0,0,0,0,0,3
education_3_compound_scope,education,GET /students/{id}/record,compound_scope_field,compound_policy_interaction,role_matrix,1,0,50.0,0,0,0,0,3
education_3_compound_scope,education,GET /students/{id}/record,compound_scope_field,compound_policy_interaction,object_policy_tests,1,0,50.0,0,0,0,0,3
education_3_compound_scope,education,GET /students/{id}/record,compound_scope_field,compound_policy_interaction,field_policy_tests,1,0,50.0,0,0,0,0,3
education_3_compound_scope,education,GET /students/{id}/record,compound_scope_field,compound_policy_interaction,audit_contract_tests,1,0,50.0,0,0,0,0,3
education_3_compound_scope,education,GET /students/{id}/record,compound_scope_field,compound_policy_interaction,basic_policy_aware_full,1,0,50.0,0,0,0,0,3
education_3_compound_scope,education,GET /students/{id}/record,compound_scope_field,compound_policy_interaction,dependent_policy_full,1,1,50.0,0,0,0,0,3
education_3_compound_scope,education,GET /students/{id}/record,compound_scope_field,compound_policy_interaction,dependent_without_consent,1,0,50.0,0,0,0,0,3
education_3_compound_scope,education,GET /students/{id}/record,compound_scope_field,compound_policy_interaction,dependent_without_threshold,1,1,50.0,0,0,0,0,3
education_3_compound_scope,education,GET /students/{id}/record,compound_scope_field,compound_policy_interaction,dependent_without_enhanced_audit,1,1,50.0,0,0,0,0,3
education_3_compound_scope,education,GET /students/{id}/record,compound_scope_field,compound_policy_interaction,dependent_without_purpose_field,1,1,50.0,0,0,0,0,3
education_3_clean_dependent,education,GET /students/{id}/record,clean,none,schema_validation,0,0,0.0,1,1,1,0,30
education_3_clean_dependent,education,GET /students/{id}/record,clean,none,role_matrix,0,0,0.0,1,1,1,0,30
education_3_clean_dependent,education,GET /students/{id}/record,clean,none,object_policy_tests,0,0,0.0,1,1,1,0,30
education_3_clean_dependent,education,GET /students/{id}/record,clean,none,field_policy_tests,0,0,0.0,1,1,1,0,30
education_3_clean_dependent,education,GET /students/{id}/record,clean,none,audit_contract_tests,0,0,0.0,1,1,1,0,30
education_3_clean_dependent,education,GET /students/{id}/record,clean,none,basic_policy_aware_full,0,0,0.0,1,1,1,0,30
education_3_clean_dependent,education,GET /students/{id}/record,clean,none,dependent_policy_full,0,0,0.0,1,1,1,0,30
education_3_clean_dependent,education,GET /students/{id}/record,clean,none,dependent_without_consent,0,0,0.0,1,1,1,0,30
education_3_clean_dependent,education,GET /students/{id}/record,clean,none,dependent_without_threshold,0,0,0.0,1,1,1,0,30
education_3_clean_dependent,education,GET /students/{id}/record,clean,none,dependent_without_enhanced_audit,0,0,0.0,1,1,1,0,30
education_3_clean_dependent,education,GET /students/{id}/record,clean,none,dependent_without_purpose_field,0,0,0.0,1,1,1,0,30
business_licensing_4_purpose_field,business_licensing,GET /licenses/export,purpose_conditioned_field,purpose_field_dependency,schema_validation,1,0,28.0,1,1,1,0,27
business_licensing_4_purpose_field,business_licensing,GET /licenses/export,purpose_conditioned_field,purpose_field_dependency,role_matrix,1,0,28.0,1,1,1,0,27
business_licensing_4_purpose_field,business_licensing,GET /licenses/export,purpose_conditioned_field,purpose_field_dependency,object_policy_tests,1,0,28.0,1,1,1,0,27
business_licensing_4_purpose_field,business_licensing,GET /licenses/export,purpose_conditioned_field,purpose_field_dependency,field_policy_tests,1,0,28.0,1,1,1,0,27
business_licensing_4_purpose_field,business_licensing,GET /licenses/export,purpose_conditioned_field,purpose_field_dependency,audit_contract_tests,1,0,28.0,1,1,1,0,27
business_licensing_4_purpose_field,business_licensing,GET /licenses/export,purpose_conditioned_field,purpose_field_dependency,basic_policy_aware_full,1,0,28.0,1,1,1,0,27
business_licensing_4_purpose_field,business_licensing,GET /licenses/export,purpose_conditioned_field,purpose_field_dependency,dependent_policy_full,1,1,28.0,1,1,1,0,27
business_licensing_4_purpose_field,business_licensing,GET /licenses/export,purpose_conditioned_field,purpose_field_dependency,dependent_without_consent,1,1,28.0,1,1,1,0,27
business_licensing_4_purpose_field,business_licensing,GET /licenses/export,purpose_conditioned_field,purpose_field_dependency,dependent_without_threshold,1,1,28.0,1,1,1,0,27
business_licensing_4_purpose_field,business_licensing,GET /licenses/export,purpose_conditioned_field,purpose_field_dependency,dependent_without_enhanced_audit,1,1,28.0,1,1,1,0,27
business_licensing_4_purpose_field,business_licensing,GET /licenses/export,purpose_conditioned_field,purpose_field_dependency,dependent_without_purpose_field,1,0,28.0,1,1,1,0,27
business_licensing_4_jurisdiction_field,business_licensing,GET /licenses/export,jurisdiction_conditioned_field,jurisdiction_field_dependency,schema_validation,1,0,32.0,0,1,1,0,31
business_licensing_4_jurisdiction_field,business_licensing,GET /licenses/export,jurisdiction_conditioned_field,jurisdiction_field_dependency,role_matrix,1,0,32.0,0,1,1,0,31
business_licensing_4_jurisdiction_field,business_licensing,GET /licenses/export,jurisdiction_conditioned_field,jurisdiction_field_dependency,object_policy_tests,1,0,32.0,0,1,1,0,31
business_licensing_4_jurisdiction_field,business_licensing,GET /licenses/export,jurisdiction_conditioned_field,jurisdiction_field_dependency,field_policy_tests,1,0,32.0,0,1,1,0,31
business_licensing_4_jurisdiction_field,business_licensing,GET /licenses/export,jurisdiction_conditioned_field,jurisdiction_field_dependency,audit_contract_tests,1,0,32.0,0,1,1,0,31
business_licensing_4_jurisdiction_field,business_licensing,GET /licenses/export,jurisdiction_conditioned_field,jurisdiction_field_dependency,basic_policy_aware_full,1,0,32.0,0,1,1,0,31
business_licensing_4_jurisdiction_field,business_licensing,GET /licenses/export,jurisdiction_conditioned_field,jurisdiction_field_dependency,dependent_policy_full,1,1,32.0,0,1,1,0,31
business_licensing_4_jurisdiction_field,business_licensing,GET /licenses/export,jurisdiction_conditioned_field,jurisdiction_field_dependency,dependent_without_consent,1,1,32.0,0,1,1,0,31
business_licensing_4_jurisdiction_field,business_licensing,GET /licenses/export,jurisdiction_conditioned_field,jurisdiction_field_dependency,dependent_without_threshold,1,1,32.0,0,1,1,0,31
business_licensing_4_jurisdiction_field,business_licensing,GET /licenses/export,jurisdiction_conditioned_field,jurisdiction_field_dependency,dependent_without_enhanced_audit,1,1,32.0,0,1,1,0,31
business_licensing_4_jurisdiction_field,business_licensing,GET /licenses/export,jurisdiction_conditioned_field,jurisdiction_field_dependency,dependent_without_purpose_field,1,1,32.0,0,1,1,0,31
business_licensing_4_consent_field,business_licensing,GET /licenses/export,consent_gated_field,consent_field_dependency,schema_validation,1,0,24.0,1,1,0,0,44
business_licensing_4_consent_field,business_licensing,GET /licenses/export,consent_gated_field,consent_field_dependency,role_matrix,1,0,24.0,1,1,0,0,44
business_licensing_4_consent_field,business_licensing,GET /licenses/export,consent_gated_field,consent_field_dependency,object_policy_tests,1,0,24.0,1,1,0,0,44
business_licensing_4_consent_field,business_licensing,GET /licenses/export,consent_gated_field,consent_field_dependency,field_policy_tests,1,0,24.0,1,1,0,0,44
business_licensing_4_consent_field,business_licensing,GET /licenses/export,consent_gated_field,consent_field_dependency,audit_contract_tests,1,0,24.0,1,1,0,0,44
business_licensing_4_consent_field,business_licensing,GET /licenses/export,consent_gated_field,consent_field_dependency,basic_policy_aware_full,1,0,24.0,1,1,0,0,44
business_licensing_4_consent_field,business_licensing,GET /licenses/export,consent_gated_field,consent_field_dependency,dependent_policy_full,1,1,24.0,1,1,0,0,44
business_licensing_4_consent_field,business_licensing,GET /licenses/export,consent_gated_field,consent_field_dependency,dependent_without_consent,1,0,24.0,1,1,0,0,44
business_licensing_4_consent_field,business_licensing,GET /licenses/export,consent_gated_field,consent_field_dependency,dependent_without_threshold,1,1,24.0,1,1,0,0,44
business_licensing_4_consent_field,business_licensing,GET /licenses/export,consent_gated_field,consent_field_dependency,dependent_without_enhanced_audit,1,1,24.0,1,1,0,0,44
business_licensing_4_consent_field,business_licensing,GET /licenses/export,consent_gated_field,consent_field_dependency,dependent_without_purpose_field,1,1,24.0,1,1,0,0,44
business_licensing_4_small_cell,business_licensing,GET /licenses/export,aggregation_threshold_leak,aggregation_threshold,schema_validation,1,0,20.0,1,1,1,0,4
business_licensing_4_small_cell,business_licensing,GET /licenses/export,aggregation_threshold_leak,aggregation_threshold,role_matrix,1,0,20.0,1,1,1,0,4
business_licensing_4_small_cell,business_licensing,GET /licenses/export,aggregation_threshold_leak,aggregation_threshold,object_policy_tests,1,0,20.0,1,1,1,0,4
business_licensing_4_small_cell,business_licensing,GET /licenses/export,aggregation_threshold_leak,aggregation_threshold,field_policy_tests,1,0,20.0,1,1,1,0,4
business_licensing_4_small_cell,business_licensing,GET /licenses/export,aggregation_threshold_leak,aggregation_threshold,audit_contract_tests,1,0,20.0,1,1,1,0,4
business_licensing_4_small_cell,business_licensing,GET /licenses/export,aggregation_threshold_leak,aggregation_threshold,basic_policy_aware_full,1,0,20.0,1,1,1,0,4
business_licensing_4_small_cell,business_licensing,GET /licenses/export,aggregation_threshold_leak,aggregation_threshold,dependent_policy_full,1,1,20.0,1,1,1,0,4
business_licensing_4_small_cell,business_licensing,GET /licenses/export,aggregation_threshold_leak,aggregation_threshold,dependent_without_consent,1,1,20.0,1,1,1,0,4
business_licensing_4_small_cell,business_licensing,GET /licenses/export,aggregation_threshold_leak,aggregation_threshold,dependent_without_threshold,1,0,20.0,1,1,1,0,4
business_licensing_4_small_cell,business_licensing,GET /licenses/export,aggregation_threshold_leak,aggregation_threshold,dependent_without_enhanced_audit,1,1,20.0,1,1,1,0,4
business_licensing_4_small_cell,business_licensing,GET /licenses/export,aggregation_threshold_leak,aggregation_threshold,dependent_without_purpose_field,1,1,20.0,1,1,1,0,4
business_licensing_4_emergency_audit,business_licensing,GET /licenses/export,emergency_audit_downgrade,enhanced_audit_dependency,schema_validation,1,0,16.0,1,1,1,1,30
business_licensing_4_emergency_audit,business_licensing,GET /licenses/export,emergency_audit_downgrade,enhanced_audit_dependency,role_matrix,1,0,16.0,1,1,1,1,30
business_licensing_4_emergency_audit,business_licensing,GET /licenses/export,emergency_audit_downgrade,enhanced_audit_dependency,object_policy_tests,1,0,16.0,1,1,1,1,30
business_licensing_4_emergency_audit,business_licensing,GET /licenses/export,emergency_audit_downgrade,enhanced_audit_dependency,field_policy_tests,1,0,16.0,1,1,1,1,30
business_licensing_4_emergency_audit,business_licensing,GET /licenses/export,emergency_audit_downgrade,enhanced_audit_dependency,audit_contract_tests,1,0,16.0,1,1,1,1,30
business_licensing_4_emergency_audit,business_licensing,GET /licenses/export,emergency_audit_downgrade,enhanced_audit_dependency,basic_policy_aware_full,1,0,16.0,1,1,1,1,30
business_licensing_4_emergency_audit,business_licensing,GET /licenses/export,emergency_audit_downgrade,enhanced_audit_dependency,dependent_policy_full,1,1,16.0,1,1,1,1,30
business_licensing_4_emergency_audit,business_licensing,GET /licenses/export,emergency_audit_downgrade,enhanced_audit_dependency,dependent_without_consent,1,1,16.0,1,1,1,1,30
business_licensing_4_emergency_audit,business_licensing,GET /licenses/export,emergency_audit_downgrade,enhanced_audit_dependency,dependent_without_threshold,1,1,16.0,1,1,1,1,30
business_licensing_4_emergency_audit,business_licensing,GET /licenses/export,emergency_audit_downgrade,enhanced_audit_dependency,dependent_without_enhanced_audit,1,0,16.0,1,1,1,1,30
business_licensing_4_emergency_audit,business_licensing,GET /licenses/export,emergency_audit_downgrade,enhanced_audit_dependency,dependent_without_purpose_field,1,1,16.0,1,1,1,1,30
business_licensing_4_compound_scope,business_licensing,GET /licenses/export,compound_scope_field,compound_policy_interaction,schema_validation,1,0,40.0,0,0,0,0,3
business_licensing_4_compound_scope,business_licensing,GET /licenses/export,compound_scope_field,compound_policy_interaction,role_matrix,1,0,40.0,0,0,0,0,3
business_licensing_4_compound_scope,business_licensing,GET /licenses/export,compound_scope_field,compound_policy_interaction,object_policy_tests,1,0,40.0,0,0,0,0,3
business_licensing_4_compound_scope,business_licensing,GET /licenses/export,compound_scope_field,compound_policy_interaction,field_policy_tests,1,0,40.0,0,0,0,0,3
business_licensing_4_compound_scope,business_licensing,GET /licenses/export,compound_scope_field,compound_policy_interaction,audit_contract_tests,1,0,40.0,0,0,0,0,3
business_licensing_4_compound_scope,business_licensing,GET /licenses/export,compound_scope_field,compound_policy_interaction,basic_policy_aware_full,1,0,40.0,0,0,0,0,3
business_licensing_4_compound_scope,business_licensing,GET /licenses/export,compound_scope_field,compound_policy_interaction,dependent_policy_full,1,1,40.0,0,0,0,0,3
business_licensing_4_compound_scope,business_licensing,GET /licenses/export,compound_scope_field,compound_policy_interaction,dependent_without_consent,1,0,40.0,0,0,0,0,3
business_licensing_4_compound_scope,business_licensing,GET /licenses/export,compound_scope_field,compound_policy_interaction,dependent_without_threshold,1,1,40.0,0,0,0,0,3
business_licensing_4_compound_scope,business_licensing,GET /licenses/export,compound_scope_field,compound_policy_interaction,dependent_without_enhanced_audit,1,1,40.0,0,0,0,0,3
business_licensing_4_compound_scope,business_licensing,GET /licenses/export,compound_scope_field,compound_policy_interaction,dependent_without_purpose_field,1,1,40.0,0,0,0,0,3
business_licensing_4_clean_dependent,business_licensing,GET /licenses/export,clean,none,schema_validation,0,0,0.0,1,1,1,0,30
business_licensing_4_clean_dependent,business_licensing,GET /licenses/export,clean,none,role_matrix,0,0,0.0,1,1,1,0,30
business_licensing_4_clean_dependent,business_licensing,GET /licenses/export,clean,none,object_policy_tests,0,0,0.0,1,1,1,0,30
business_licensing_4_clean_dependent,business_licensing,GET /licenses/export,clean,none,field_policy_tests,0,0,0.0,1,1,1,0,30
business_licensing_4_clean_dependent,business_licensing,GET /licenses/export,clean,none,audit_contract_tests,0,0,0.0,1,1,1,0,30
business_licensing_4_clean_dependent,business_licensing,GET /licenses/export,clean,none,basic_policy_aware_full,0,0,0.0,1,1,1,0,30
business_licensing_4_clean_dependent,business_licensing,GET /licenses/export,clean,none,dependent_policy_full,0,0,0.0,1,1,1,0,30
business_licensing_4_clean_dependent,business_licensing,GET /licenses/export,clean,none,dependent_without_consent,0,0,0.0,1,1,1,0,30
business_licensing_4_clean_dependent,business_licensing,GET /licenses/export,clean,none,dependent_without_threshold,0,0,0.0,1,1,1,0,30
business_licensing_4_clean_dependent,business_licensing,GET /licenses/export,clean,none,dependent_without_enhanced_audit,0,0,0.0,1,1,1,0,30
business_licensing_4_clean_dependent,business_licensing,GET /licenses/export,clean,none,dependent_without_purpose_field,0,0,0.0,1,1,1,0,30
