method,n,tp,fp,tn,fn,precision,recall,f1,risk_weighted_recall
audit_contract_tests,28,0,0,4,24,0.0,0.0,0.0,0.0
basic_policy_aware_full,28,0,0,4,24,0.0,0.0,0.0,0.0
dependent_policy_full,28,24,0,4,0,1.0,1.0,1.0,1.0
dependent_without_consent,28,16,0,4,8,1.0,0.6667,0.8,0.6
dependent_without_enhanced_audit,28,20,0,4,4,1.0,0.8333,0.9091,0.9
dependent_without_purpose_field,28,20,0,4,4,1.0,0.8333,0.9091,0.825
dependent_without_threshold,28,20,0,4,4,1.0,0.8333,0.9091,0.875
field_policy_tests,28,0,0,4,24,0.0,0.0,0.0,0.0
object_policy_tests,28,0,0,4,24,0.0,0.0,0.0,0.0
role_matrix,28,0,0,4,24,0.0,0.0,0.0,0.0
schema_validation,28,0,0,4,24,0.0,0.0,0.0,0.0
