model,group_type,group_value,n,parse_rate,decision_accuracy,strict_accuracy,dimension_accuracy_on_violations,precision,recall,f1,risk_weighted_recall,tp,fp,tn,fn
gemma3:4b|checklist,overall,all,120,1.0,0.9,0.3167,0.3519,0.9,1.0,0.9474,1.0,108,12,0,0
gemma3:4b|conservative,overall,all,120,1.0,0.9,0.1833,0.2037,0.9,1.0,0.9474,1.0,108,12,0,0
gemma3:4b|minimal,overall,all,120,1.0,0.35,0.0917,0.1111,0.875,0.3241,0.473,0.2962,35,5,7,73
phi3:mini|checklist,overall,all,120,1.0,0.9,0.1917,0.213,0.9,1.0,0.9474,1.0,108,12,0,0
phi3:mini|conservative,overall,all,120,1.0,0.9,0.225,0.25,0.9,1.0,0.9474,1.0,108,12,0,0
phi3:mini|minimal,overall,all,120,1.0,0.5833,0.2333,0.25,0.8816,0.6204,0.7283,0.7684,67,9,3,41
qwen2.5-coder:14b|checklist,overall,all,120,1.0,0.8333,0.4833,0.5185,0.9074,0.9074,0.9074,0.875,98,10,2,10
qwen2.5-coder:14b|conservative,overall,all,120,1.0,0.8167,0.4917,0.5093,0.9216,0.8704,0.8952,0.8186,94,8,4,14
qwen2.5-coder:14b|minimal,overall,all,120,1.0,0.8417,0.4167,0.4352,0.9159,0.9074,0.9116,0.8685,98,9,3,10
